airline_encoded,origin_airport_encoded,dest_airport_encoded,month,day_of_month,day_of_week,dep_hour,arr_hour,dep_delay,distance,air_time,distance_category_encoded,is_weekend,is_holiday_season,origin_is_busy,dest_is_busy,avg_speed,carrier_delay,weather_delay,nas_delay,security_delay,late_aircraft_delay,is_delayed
4,3,12,11,6,6,14,17,11.45811593251233,991,92,1,1,1,0,0,646.3043478260869,0.0,0.0,0.0,0.0,0.0,0
9,17,10,1,23,3,21,2,0.0,2744,272,3,0,0,0,1,605.2941176470588,0.0,0.0,0.0,0.0,0.0,0
8,4,8,3,16,1,7,8,0.0,195,36,2,0,0,1,1,325.0,0.0,0.0,0.0,0.0,0.0,0
6,5,1,1,3,3,21,22,12.184258784671922,311,55,2,0,0,0,0,339.2727272727273,0.0,0.0,0.0,0.0,0.0,0
8,5,6,10,13,6,4,9,18.871020415082395,2946,287,3,1,0,0,0,615.8885017421603,0.0,0.0,0.0,0.0,0.0,1
3,5,5,4,11,4,9,11,20.109618223876133,884,65,1,0,0,0,0,816.0,0.0,0.0,0.0,0.0,0.0,1
2,18,17,10,22,2,21,0,23.89002502005186,1397,142,0,0,0,0,0,590.2816901408451,0.0,0.0,0.0,0.0,0.0,1
1,6,5,2,18,4,18,23,29.306047807558368,2020,210,3,0,0,0,0,577.1428571428571,0.0,0.0,0.0,0.0,0.0,1
9,18,19,11,13,2,13,18,0.0,2932,301,3,0,1,0,1,584.4518272425249,7.615593374905138,0.0,0.0,0.0,0.0,0
1,0,13,1,19,1,4,5,12.139163858902718,172,30,2,0,0,1,0,344.0,0.0,0.0,0.0,0.0,0.0,0
0,2,17,11,20,6,10,13,0.0,1317,132,0,1,1,0,0,598.6363636363636,0.0,0.0,0.0,0.0,0.0,0
1,12,18,11,4,2,11,13,0.0,1092,88,0,0,1,0,0,744.5454545454546,0.0,0.0,0.0,0.0,0.0,0
2,1,4,5,6,7,2,6,14.824519616252765,1928,193,0,1,0,0,1,599.3782383419689,0.0,0.0,0.0,0.0,0.0,0
5,5,19,8,3,7,17,19,0.0,1767,151,0,1,1,0,1,702.1192052980133,0.0,0.0,0.0,0.0,0.0,0
4,14,0,1,2,6,8,12,0.0,2148,234,3,1,0,0,1,550.7692307692308,0.0,0.0,0.0,0.0,0.0,0
4,8,10,12,10,4,0,2,13.042399782796526,1493,132,0,0,1,1,1,678.6363636363636,0.0,0.0,0.0,0.0,0.0,0
8,4,12,4,25,2,21,23,21.51016743739368,1390,133,0,0,0,1,0,627.0676691729323,0.0,0.0,0.0,0.0,0.0,1
3,6,11,7,14,7,0,2,0.0,883,70,1,1,1,0,0,756.8571428571428,0.0,0.0,0.0,0.0,21.14888993334219,1
6,19,0,6,25,3,2,5,22.592831416435278,1737,179,0,0,0,1,1,582.2346368715083,0.0,0.0,0.0,0.0,0.0,1
4,3,10,3,26,3,17,21,40.79423615225192,1727,193,0,0,0,0,1,536.8911917098445,6.360149088554166,0.0,0.0,0.0,0.0,1
3,0,11,3,12,3,0,5,0.0,2720,248,3,0,0,1,0,658.0645161290322,0.0,0.0,0.0,0.0,0.0,0
6,1,17,4,25,7,6,9,20.61413953885551,1425,171,0,1,0,0,0,500.0,0.0,0.0,0.0,0.0,0.0,1
9,12,17,8,8,2,9,13,31.160757690258347,2561,257,3,0,1,0,0,597.8988326848249,0.0,0.0,0.0,0.0,0.0,1
2,2,5,9,4,5,13,18,0.0,2679,277,3,0,0,0,0,580.2888086642599,0.0,0.0,0.0,0.0,0.0,0
4,11,16,6,7,7,12,14,15.624407878135692,1084,108,0,1,0,0,0,602.2222222222222,0.0,0.0,0.0,0.0,0.0,1
4,2,19,8,23,6,11,15,33.63392222398474,1969,186,0,1,1,0,1,635.1612903225806,0.0,0.0,0.0,0.0,0.0,1
2,12,3,10,23,1,1,5,2.060505549827337,1624,164,0,0,0,0,0,594.1463414634146,0.0,13.740517745565327,0.0,0.0,0.0,1
9,4,7,4,15,6,15,18,2.917053091826414,1564,141,0,1,0,1,0,665.531914893617,0.0,0.0,0.0,0.0,0.0,0
7,12,13,4,9,6,6,11,23.924062839354765,2847,262,3,1,0,0,0,651.9847328244275,0.0,0.0,0.0,0.0,0.0,1
7,15,16,6,19,7,5,7,0.0,1199,123,0,1,0,1,0,584.8780487804878,0.0,0.0,0.0,0.0,0.0,0
8,1,10,5,25,4,10,16,8.695347900951031,2716,291,3,0,0,0,1,560.0,0.0,0.0,0.0,0.0,0.0,0
1,0,11,3,19,6,8,11,9.411059255733068,1826,180,0,1,0,1,0,608.6666666666666,0.0,0.0,0.0,0.0,0.0,0
9,15,18,3,5,7,20,0,0.0,1818,178,0,1,0,1,0,612.8089887640449,16.52441587523169,0.0,12.767129087160123,0.0,0.0,1
0,2,3,3,23,2,10,12,13.430811810665208,1088,111,0,0,0,0,0,588.1081081081081,0.0,0.0,0.0,0.0,0.0,0
0,9,12,11,13,1,17,21,14.261584234740912,1700,182,0,0,1,0,0,560.4395604395604,0.0,0.0,0.0,0.0,0.0,0
8,0,4,10,21,2,7,11,9.316480524119214,2390,268,3,0,0,1,1,535.0746268656716,0.0,0.0,0.0,0.0,0.0,0
7,18,11,7,2,3,14,16,0.0,694,56,1,0,1,0,0,743.5714285714286,0.0,0.0,0.0,0.0,0.0,0
3,16,13,10,23,5,3,6,0.0,1666,157,0,0,0,0,0,636.687898089172,0.0,0.0,0.0,0.0,0.0,0
7,6,8,5,28,3,15,19,0.0,2501,273,3,0,0,0,1,549.6703296703297,0.0,0.0,0.0,0.0,0.0,0
1,16,1,4,9,5,18,0,0.6125196732235967,2918,303,3,0,0,0,0,577.8217821782179,0.0,0.0,0.0,0.0,0.0,0
6,7,0,3,8,1,5,8,0.0,1813,177,0,0,0,0,1,614.5762711864406,0.0,0.0,0.0,0.0,0.0,0
8,8,6,8,27,2,20,22,3.8998015102644654,1073,85,0,0,1,1,0,757.4117647058823,0.0,0.0,0.0,0.0,0.0,0
8,0,5,5,7,2,12,17,7.772588436232813,2623,228,3,0,0,1,0,690.2631578947369,0.0,0.0,0.0,0.0,0.0,0
2,9,14,10,12,2,17,19,2.6402549804116457,465,30,2,0,0,0,0,930.0,0.0,0.0,0.0,0.0,0.0,0
6,9,6,12,18,2,10,15,29.150174107195152,2307,274,3,0,1,0,0,505.18248175182487,0.0,0.0,0.0,0.0,0.0,1
2,18,5,3,9,2,9,10,0.0,283,47,2,0,0,0,0,361.27659574468083,0.0,0.0,0.0,0.0,0.0,0
8,3,13,7,2,4,16,17,0.0,434,51,2,0,1,0,0,510.5882352941177,0.0,0.0,0.0,0.0,0.0,0
6,6,8,2,12,6,15,18,19.535074014975745,1327,130,0,1,0,0,1,612.4615384615385,0.0,0.0,0.0,0.0,0.0,1
6,8,11,9,15,6,20,22,35.608900600680826,1115,102,0,1,0,1,0,655.8823529411765,0.0,0.0,0.0,0.0,0.0,1
4,1,11,10,15,2,2,2,35.92289331447514,588,30,1,0,0,0,0,1176.0,0.0,0.0,0.0,0.0,0.0,1
4,9,16,1,25,7,4,6,5.212151576363628,261,35,2,1,0,0,0,447.4285714285714,0.0,0.0,0.0,0.0,0.0,0
8,0,6,3,22,3,21,23,27.013355306366503,1325,106,0,0,0,1,0,750.0,0.0,0.0,3.77203007367446,0.0,0.0,1
5,19,11,2,28,7,2,8,9.513119521792383,2639,291,3,1,0,1,0,544.1237113402062,0.0,0.0,0.0,0.0,23.84665804679349,1
9,19,17,7,7,6,21,21,32.79697308624007,205,30,2,1,1,1,0,410.0,0.0,0.0,0.0,0.0,0.0,1
9,2,2,2,23,5,20,0,15.80898641478866,2515,227,3,0,0,0,0,664.7577092511013,0.0,0.0,0.0,0.0,0.0,1
8,7,11,7,7,6,18,20,11.78103252850424,734,39,1,1,1,0,0,1129.2307692307693,0.0,0.0,0.0,0.0,0.0,0
8,19,2,4,17,7,9,9,34.354112987435684,693,31,1,1,0,1,0,1341.2903225806451,0.0,0.0,0.0,0.0,0.0,1
0,12,17,8,19,2,9,9,0.0,589,41,1,0,1,0,0,861.951219512195,0.0,0.0,0.0,0.0,0.0,0
8,11,5,5,21,2,12,17,19.040793938061967,2589,267,3,0,0,0,0,581.7977528089888,0.0,0.0,0.0,0.0,0.0,1
7,11,13,6,3,3,3,6,22.0311952622903,1715,165,0,0,0,0,0,623.6363636363636,0.0,0.0,0.0,0.0,0.0,1
8,1,10,9,8,6,1,3,26.76955611782003,1190,110,0,1,0,0,1,649.0909090909091,0.0,0.0,0.0,0.0,15.188064093742945,1
6,18,10,8,7,2,20,22,18.54091722243593,838,86,1,0,1,0,1,584.6511627906976,0.0,0.0,0.0,0.0,0.0,1
0,3,18,12,25,4,22,1,0.0,1389,147,0,0,1,0,0,566.9387755102041,3.498094876719931,0.0,0.0,0.0,0.0,0
5,15,8,10,9,7,17,18,21.452463630910977,1047,97,0,1,0,1,1,647.6288659793814,0.0,0.0,0.0,0.0,0.0,1
0,5,6,3,25,1,3,7,32.35638019114007,1886,184,0,0,0,0,0,615.0,0.0,0.0,0.0,0.0,0.0,1
3,7,4,6,10,2,12,15,16.1823187102624,1205,114,0,0,0,0,1,634.2105263157895,0.0,0.0,0.0,0.0,0.0,1
9,17,9,1,15,3,16,18,15.8495088399767,1407,107,0,0,0,0,0,788.9719626168223,0.0,0.0,0.0,0.0,0.0,1
4,3,6,4,10,1,8,11,23.449455392049646,1497,170,0,0,0,0,0,528.3529411764706,0.0,0.0,0.0,59.09772897595542,0.0,1
2,10,7,12,16,3,8,13,27.87829353818443,2350,237,3,0,1,1,0,594.9367088607595,0.0,0.0,0.0,0.0,0.0,1
3,9,2,12,5,7,11,13,29.06433944264701,1213,107,0,1,1,0,0,680.1869158878504,0.0,0.0,0.0,0.0,0.0,1
3,2,1,10,15,5,0,2,23.346625689979074,1152,137,0,0,0,0,0,504.5255474452555,0.0,0.0,4.7109831663611015,0.0,0.0,1
1,8,15,3,15,4,4,8,20.789805234135358,1132,171,0,0,0,1,1,397.1929824561403,0.0,0.0,0.0,0.0,0.0,1
5,12,10,7,26,6,23,1,19.946163575105544,962,102,1,1,1,0,1,565.8823529411765,0.0,0.0,0.0,0.0,0.0,1
3,10,16,12,3,4,21,2,0.0,2759,303,3,0,1,1,0,546.3366336633663,0.0,0.0,0.0,0.0,0.0,0
6,13,0,9,6,3,18,20,20.70391316973368,117,30,2,0,0,0,1,234.0,0.0,0.0,0.0,0.0,0.0,1
8,9,4,11,16,5,6,7,0.0,129,30,2,0,1,0,1,258.0,0.0,0.0,0.0,0.0,0.0,0
3,2,11,11,2,6,4,5,18.98469842827479,617,62,1,1,1,0,0,597.0967741935483,0.0,0.0,0.0,0.0,0.0,1
8,7,19,1,13,6,1,2,0.0,350,30,2,1,0,0,1,700.0,0.0,0.0,0.0,0.0,0.0,0
9,17,9,3,14,3,3,6,8.636800900611826,1727,187,0,0,0,0,0,554.1176470588235,0.0,0.0,0.0,0.0,0.0,0
1,18,16,8,6,6,19,23,20.433578318491683,2501,250,3,1,1,0,0,600.24,0.0,0.0,0.0,0.0,0.0,1
1,1,13,8,15,6,3,6,0.0,1184,107,0,1,1,0,0,663.9252336448598,0.0,0.0,5.835669177370384,0.0,0.0,0
2,18,9,5,21,2,14,19,3.746692590419145,2895,268,3,0,0,0,0,648.1343283582089,0.0,0.0,0.0,0.0,0.0,0
7,13,13,3,18,3,13,18,3.976139286780981,2685,281,3,0,0,0,0,573.3096085409252,0.0,0.0,0.0,0.0,0.0,0
1,9,13,8,2,1,4,7,0.0,1809,191,0,0,1,0,0,568.2722513089005,0.0,0.0,0.0,0.0,0.0,0
7,6,19,10,23,3,0,3,0.0,1149,164,0,0,0,0,1,420.3658536585366,0.0,0.0,0.0,0.0,0.0,0
5,9,11,3,24,2,14,18,0.0,2819,267,3,0,0,0,0,633.4831460674158,0.0,0.0,0.0,0.0,0.0,0
5,16,8,12,19,3,3,4,25.405136070028057,867,78,1,0,1,0,1,666.9230769230769,1.4365767594534469,0.0,0.0,0.0,0.0,1
2,10,17,11,21,7,4,6,0.0,1506,97,0,1,1,1,0,931.5463917525773,0.0,0.0,0.0,0.0,0.0,0
0,4,7,9,28,1,14,16,0.0,1252,106,0,0,0,1,0,708.6792452830189,0.0,0.0,0.0,0.0,0.0,0
9,14,16,12,25,1,22,0,0.0,1125,107,0,0,1,0,0,630.8411214953271,0.0,0.0,0.0,0.0,0.0,0
1,2,9,4,6,6,4,5,0.0,825,69,1,1,0,0,0,717.3913043478261,0.0,0.0,0.0,0.0,0.0,0
3,6,12,12,3,3,2,6,12.627629081090603,2507,258,3,0,1,0,0,583.0232558139535,0.0,0.0,0.0,0.0,0.0,0
8,17,10,1,19,3,13,16,12.77124020830054,1290,110,0,0,0,0,1,703.6363636363636,0.0,0.0,0.0,0.0,25.09113087505845,1
9,2,9,12,22,1,4,8,6.243516987965064,2568,243,3,0,1,0,0,634.0740740740741,0.0,0.0,0.0,0.0,0.0,0
5,1,7,9,10,5,13,17,47.83130876198836,1894,173,0,0,0,0,0,656.878612716763,0.0,0.0,0.0,0.0,0.0,1
7,18,10,4,6,6,11,14,11.746224643979112,2163,213,3,1,0,0,1,609.2957746478874,0.0,0.0,0.0,0.0,5.729465975331273,1
7,18,4,8,15,6,17,21,0.0,2250,212,3,1,1,0,1,636.7924528301887,0.0,0.0,0.0,0.0,0.0,0
3,13,5,11,27,6,5,8,24.31898198474343,995,97,1,1,1,0,0,615.4639175257732,0.0,0.0,9.218579189863403,35.72668225338238,0.0,1
0,1,15,9,7,2,7,10,32.59571798108881,1368,136,0,0,0,0,1,603.5294117647059,0.0,0.0,0.0,0.0,0.0,1
3,6,18,9,6,3,16,19,8.443789339448461,1975,183,0,0,0,0,0,647.5409836065575,0.0,0.0,0.0,0.0,0.0,0
4,17,8,7,16,5,8,10,12.659787533865268,1204,122,0,0,1,0,1,592.1311475409836,0.0,0.0,0.0,0.0,0.0,0
8,0,19,7,17,3,19,20,37.20734316111263,744,98,1,0,1,1,1,455.51020408163265,0.0,0.0,0.0,0.0,0.0,1
2,15,15,1,22,1,16,18,37.31612721709898,788,64,1,0,0,1,1,738.75,0.0,0.0,0.0,0.0,0.0,1
1,3,9,5,27,7,13,15,0.0,312,36,2,1,0,0,0,520.0,0.0,0.0,4.074691735251887,0.0,0.0,0
5,15,7,3,21,1,11,12,0.0,119,30,2,0,0,1,0,238.0,0.0,16.43188201382883,0.0,0.0,0.0,1
4,3,0,5,19,1,9,15,26.49216199168197,2892,290,3,0,0,0,1,598.344827586207,0.0,0.0,0.0,0.0,14.580646157606438,1
0,6,6,1,19,7,23,2,13.373927002963324,1623,173,0,1,0,0,0,562.8901734104046,0.0,0.0,0.0,0.0,0.0,0
8,4,6,12,27,2,20,2,18.067912298697657,2814,283,3,0,1,1,0,596.6077738515901,0.0,22.387895946424567,0.0,0.0,0.0,1
3,17,8,4,16,1,17,22,24.961284028010947,2351,240,3,0,0,0,1,587.75,0.0,0.0,0.0,0.0,0.0,1
1,8,9,5,25,2,9,12,0.0,1489,149,0,0,0,1,0,599.5973154362416,0.0,0.0,0.0,0.0,0.0,0
7,14,13,6,12,1,14,16,30.928250730649047,888,82,1,0,0,0,0,649.7560975609756,0.0,0.0,0.0,0.0,0.0,1
0,7,11,7,22,1,5,8,40.96312078040266,1114,123,0,0,1,0,0,543.4146341463415,0.0,0.0,0.0,0.0,0.0,1
1,12,7,3,27,1,14,18,31.10638939823931,1799,198,0,0,0,0,0,545.1515151515151,0.0,0.0,0.0,0.0,0.0,1
5,2,4,12,6,7,0,3,0.0,2401,209,3,1,1,0,1,689.2822966507177,0.0,0.0,0.0,0.0,0.0,0
3,19,7,4,5,3,21,0,0.0,1270,134,0,0,0,1,0,568.6567164179104,0.0,0.0,0.0,0.0,28.24122656562649,1
9,7,9,5,2,7,15,17,5.249843880985931,1221,104,0,1,0,0,0,704.4230769230769,0.0,0.0,0.0,0.0,0.0,0
6,5,1,4,25,2,1,2,0.0,945,72,1,0,0,0,0,787.5,0.0,0.0,0.0,0.0,6.509006809911998,0
5,12,16,8,1,7,14,16,0.0,1261,125,0,1,1,0,0,605.28,0.0,0.0,0.0,0.0,0.0,0
3,3,10,10,7,2,5,8,0.0,1655,172,0,0,0,0,1,577.3255813953489,0.0,0.0,0.0,0.0,0.0,0
0,12,13,1,15,7,7,12,13.479859354111785,2995,301,3,1,0,0,0,597.0099667774086,0.0,0.0,0.0,0.0,0.0,0
5,14,18,6,25,3,22,0,15.04876892604723,1199,103,0,0,0,0,0,698.4466019417476,0.0,0.0,4.630627424358477,0.0,0.0,1
6,0,7,12,24,2,7,10,0.0,1432,149,0,0,1,1,0,576.6442953020135,0.0,0.0,0.0,0.0,0.0,0
4,13,6,3,18,1,3,3,0.0,296,44,2,0,0,0,0,403.6363636363637,0.0,0.0,0.0,0.0,0.0,0
2,10,12,4,15,5,8,9,38.96798293301509,520,81,1,0,0,1,0,385.18518518518516,0.0,0.0,0.0,0.0,0.0,1
1,16,17,8,26,2,18,20,0.0,910,91,1,0,1,0,0,600.0,0.0,0.0,0.0,0.0,0.0,0
9,15,8,1,19,7,8,9,1.8409094004346471,763,75,1,1,0,1,1,610.4,0.0,0.0,0.0,0.0,0.0,0
7,5,8,2,9,3,14,18,1.7775695963033495,2420,273,3,0,0,0,1,531.8681318681319,0.0,0.0,2.002957298869566,0.0,0.0,0
0,4,6,10,1,1,1,7,11.525268656251969,2700,292,3,0,0,1,0,554.7945205479452,0.0,0.0,0.0,0.0,0.0,0
3,9,16,12,23,5,13,16,47.08785773630588,1307,147,0,0,1,0,0,533.469387755102,0.0,0.0,0.0,0.0,0.0,1
5,19,17,3,1,4,1,3,0.0,935,68,1,0,0,1,0,825.0,0.0,0.0,0.0,0.0,0.0,0
7,5,9,2,10,2,8,10,0.0,437,44,2,0,0,0,0,595.909090909091,0.0,0.0,0.0,0.0,0.0,0
0,9,15,12,23,7,11,15,1.9981621991502951,1977,215,0,1,1,0,1,551.7209302325581,0.0,0.0,0.0,0.0,0.0,0
6,0,4,12,5,4,18,0,11.145623123022908,2551,303,3,0,1,1,1,505.1485148514852,0.0,0.0,0.0,0.0,0.0,0
9,3,0,12,11,5,11,12,30.68284261917512,510,42,1,0,1,0,1,728.5714285714287,0.0,0.0,0.0,0.0,0.0,1
9,18,0,7,25,4,22,3,13.700760310703693,2535,277,3,0,1,0,1,549.0974729241877,0.0,0.0,0.0,0.0,0.0,0
5,16,4,12,23,1,11,11,1.0667744254080418,219,30,2,0,1,0,1,438.0,0.0,0.0,0.0,0.0,0.0,0
6,1,14,10,21,7,4,7,22.75615884586847,2093,182,3,1,0,0,0,690.0,0.0,0.0,0.0,0.0,0.0,1
4,10,16,8,4,3,7,9,14.895985594300893,526,72,1,0,1,1,0,438.33333333333337,0.0,0.0,0.0,0.0,0.0,0
7,17,8,11,12,7,3,7,17.382602832168565,2332,204,3,1,1,0,1,685.8823529411765,0.0,0.0,0.0,0.0,0.0,1
6,8,18,2,26,7,22,23,7.493452952646352,136,30,2,1,0,1,0,272.0,0.0,0.0,0.0,0.0,0.0,0
3,13,3,10,12,7,4,7,22.66380537790024,1216,143,0,1,0,0,0,510.20979020979024,0.0,0.0,0.0,0.0,0.0,1
3,18,0,10,19,3,9,13,0.0,2283,215,3,0,0,0,1,637.1162790697674,0.0,0.0,0.0,0.0,0.0,0
5,5,16,8,3,4,9,12,0.0,1779,173,0,0,1,0,0,616.9942196531792,3.7291818826134193,0.0,0.0,0.0,0.0,0
6,16,17,1,27,5,2,5,0.0,1956,181,0,0,0,0,0,648.3977900552486,0.0,0.0,0.0,0.0,0.0,0
0,2,19,5,6,4,20,22,0.0,782,68,1,0,0,0,1,690.0,0.0,0.0,0.0,0.0,10.461146126180868,0
5,3,7,4,7,7,16,18,14.731166661486276,394,30,2,1,0,0,0,788.0,0.0,0.0,0.0,0.0,0.0,0
0,2,16,12,27,2,4,6,16.14003106835573,1230,104,0,0,1,0,0,709.6153846153846,0.0,0.0,0.0,0.0,0.0,1
5,19,15,12,24,1,18,21,15.046382639207607,1234,151,0,0,1,1,1,490.33112582781456,0.0,0.0,0.0,0.0,0.0,1
7,15,6,1,5,2,15,16,16.29332229285896,486,54,2,0,0,1,0,540.0,0.0,0.0,0.0,0.0,0.0,1
9,11,1,12,8,6,0,2,32.8938342611215,920,79,1,1,1,0,0,698.7341772151899,0.0,0.0,0.0,0.0,0.0,1
7,16,19,1,25,1,10,10,19.197881053129265,280,30,2,0,0,0,1,560.0,0.0,0.0,0.0,0.0,0.0,1
6,12,17,12,23,6,4,9,28.94055617306634,2795,259,3,1,1,0,0,647.4903474903475,0.0,0.0,0.0,25.109715332534904,0.0,1
4,3,16,8,23,5,19,22,3.234930247662525,1674,177,0,0,1,0,0,567.457627118644,0.0,0.0,0.0,0.0,0.0,0
1,13,6,3,3,2,9,15,31.74974406974962,2916,332,3,0,0,0,0,526.9879518072289,0.0,0.0,0.0,0.0,0.0,1
1,18,2,7,4,1,20,23,0.0,1738,192,0,0,1,0,0,543.125,0.0,0.0,0.0,0.0,0.0,0
0,0,3,3,13,4,19,22,0.2299805878536549,903,125,1,0,0,1,0,433.43999999999994,0.0,0.0,0.0,0.0,0.0,0
8,4,13,10,25,4,3,6,0.0,1778,179,0,0,0,1,0,595.9776536312849,0.0,0.0,7.484112301438582,0.0,0.0,0
1,7,0,12,25,1,17,20,1.7301975965267715,1907,198,0,0,1,0,1,577.8787878787879,0.0,0.0,0.0,0.0,0.0,0
2,17,13,7,12,6,5,7,14.075608216705277,436,59,2,1,1,0,0,443.3898305084746,0.0,0.0,0.0,0.0,0.0,0
3,17,8,4,27,2,2,3,0.0,461,30,2,0,0,0,1,922.0,0.0,0.0,0.0,0.0,0.0,0
8,1,4,5,25,1,2,4,0.0,1289,116,0,0,0,0,1,666.7241379310345,0.0,0.0,0.0,0.0,0.0,0
4,5,10,9,17,1,16,20,3.5704441257600115,2023,169,3,0,0,0,1,718.2248520710059,0.0,0.0,0.0,0.0,0.0,0
8,1,18,3,1,5,19,20,11.49562549247166,260,35,2,0,0,0,0,445.71428571428567,0.0,0.0,0.0,0.0,0.0,0
1,2,11,8,22,5,20,1,0.0,2635,255,3,0,1,0,0,620.0,0.0,0.0,0.0,0.0,0.0,0
7,12,12,5,4,5,17,21,28.44491040002028,2596,238,3,0,0,0,0,654.453781512605,0.0,0.0,0.0,0.0,0.0,1
2,10,10,1,27,1,7,11,13.92839890794803,1988,194,0,0,0,1,1,614.8453608247422,0.0,0.0,0.0,0.0,0.0,0
5,12,4,11,2,5,2,3,3.558703280083514,768,64,1,0,1,0,1,720.0,0.0,0.0,0.0,0.0,0.0,0
5,1,17,10,19,7,17,21,9.143189445275535,2548,272,3,1,0,0,0,562.0588235294118,0.0,0.0,0.0,7.250489181995323,0.0,1
0,19,11,2,10,1,8,11,9.957348688731996,732,89,1,0,0,1,0,493.4831460674157,0.0,0.0,0.0,0.0,0.0,0
5,17,3,4,9,6,18,23,39.37098433287878,2858,271,3,1,0,0,0,632.7675276752767,0.0,0.0,0.0,0.0,0.0,1
2,15,18,12,28,3,6,11,0.4520183328491338,2389,244,3,0,1,1,0,587.4590163934427,0.0,0.0,0.0,0.0,0.0,0
6,11,7,2,4,2,15,18,0.0,990,108,1,0,0,0,0,550.0,0.0,0.0,0.0,0.0,0.0,0
4,0,14,3,26,3,10,15,4.142154412518437,2901,290,3,0,0,1,0,600.2068965517242,0.0,0.0,8.750348988215373,0.0,0.0,0
0,0,3,11,5,6,4,9,45.2822537070459,2918,307,3,1,1,1,0,570.2931596091206,0.0,0.0,0.0,0.0,0.0,1
6,10,9,5,1,7,19,20,0.0,1063,112,0,1,0,1,0,569.4642857142857,0.0,0.0,0.0,0.0,0.0,0
7,7,11,4,12,1,6,7,42.52815801008239,378,44,2,0,0,0,0,515.4545454545455,5.759629533392404,0.0,0.0,0.0,0.0,1
3,8,4,7,20,7,17,22,15.470909679477572,2011,219,3,1,1,1,1,550.9589041095891,0.0,0.0,0.0,0.0,0.0,1
3,12,9,3,25,5,17,21,0.0,2868,271,3,0,0,0,0,634.9815498154982,0.0,0.0,0.0,0.0,0.0,0
6,13,18,8,7,1,17,20,3.2600929135539296,1780,176,0,0,1,0,0,606.8181818181819,0.0,0.0,0.0,0.0,0.0,0
5,9,7,9,20,6,8,13,0.0,2195,233,3,1,0,0,0,565.236051502146,0.0,0.0,0.0,0.0,0.0,0
0,7,13,1,5,2,1,4,40.53818447052872,1421,161,0,0,0,0,0,529.5652173913044,0.0,0.0,0.0,0.0,0.0,1
5,5,5,4,20,6,21,2,6.228093496348482,2720,271,3,1,0,0,0,602.2140221402215,0.0,0.0,0.0,0.0,0.0,0
0,2,16,9,18,6,12,18,21.84201906436932,2963,344,3,1,0,0,0,516.8023255813954,5.445886749027161,0.0,0.0,0.0,0.0,1
9,13,13,7,20,5,18,19,17.25672886897233,1010,62,0,0,1,0,0,977.4193548387095,25.58400954867071,0.0,0.0,0.0,0.0,1
0,0,2,5,14,5,22,1,26.030695711040195,582,81,1,0,0,1,0,431.1111111111111,0.0,0.0,0.0,0.0,0.0,1
2,18,14,6,25,4,4,6,0.0,296,30,2,0,0,0,0,592.0,0.0,0.0,0.0,11.114468059896202,0.0,0
2,10,17,1,4,3,21,2,1.6237995341588949,2576,302,3,0,0,1,0,511.7880794701987,0.0,0.0,0.0,0.0,0.0,0
0,5,11,1,17,7,7,7,12.397733778780667,321,32,2,1,0,0,0,601.875,0.0,0.0,0.0,0.0,0.0,0
3,12,14,8,10,2,21,0,10.72029425175759,2570,217,3,0,1,0,0,710.5990783410139,0.0,0.0,0.0,0.0,0.0,0
7,13,15,4,11,6,17,18,0.0,230,30,2,1,0,0,1,460.0,0.0,0.0,0.0,0.0,0.0,0
5,18,6,9,15,5,12,13,13.009421695565248,406,43,2,0,0,0,0,566.5116279069767,0.0,0.0,0.0,0.0,7.535928756618984,1
9,19,18,9,5,5,18,20,43.47148680164585,675,75,1,0,0,1,0,540.0,0.0,0.0,0.0,0.0,0.0,1
3,13,15,4,14,7,8,9,25.44619629945442,370,30,2,1,0,0,1,740.0,0.0,0.0,0.0,0.0,0.0,1
5,12,9,11,11,3,15,18,1.2277043621160644,1526,177,0,0,1,0,0,517.2881355932203,0.0,0.0,0.0,0.0,0.0,0
2,9,6,10,24,5,7,9,5.636689827042932,574,70,1,0,0,0,0,491.99999999999994,0.0,0.0,0.0,0.0,0.0,0
5,8,13,8,4,1,10,15,12.393288192217575,2159,220,3,0,1,1,0,588.8181818181819,0.0,0.0,0.0,0.0,0.0,0
5,14,13,11,8,6,1,5,9.3689023011493,2038,191,3,1,1,0,0,640.2094240837697,12.834854132244576,0.0,0.0,0.0,0.0,1
6,5,11,9,28,6,16,19,1.4403436393450768,2019,181,3,1,0,0,0,669.2817679558011,0.0,0.0,0.0,0.0,0.0,0
0,14,2,9,13,7,0,4,0.0,2568,238,3,1,0,0,0,647.3949579831933,0.0,0.0,0.0,0.0,0.0,0
5,16,14,2,23,2,7,9,33.784810079120405,204,30,2,0,0,0,0,408.0,0.0,0.0,0.0,0.0,0.0,1
8,14,5,3,28,5,9,12,24.959119038443102,1783,133,0,0,0,0,0,804.3609022556391,0.0,0.0,0.0,0.0,0.0,1
4,15,15,10,6,6,19,22,0.0,1318,147,0,1,0,1,1,537.9591836734694,0.0,0.0,0.0,0.0,0.0,0
7,4,12,4,11,4,19,23,13.249443198008024,1715,188,0,0,0,1,0,547.3404255319149,0.0,0.0,0.0,0.0,0.0,0
8,1,8,11,24,1,12,15,13.072734151028287,1573,168,0,0,1,0,1,561.7857142857143,0.0,0.0,0.0,0.0,0.0,0
6,16,15,1,25,2,4,7,2.0046551434768567,1428,138,0,0,0,0,1,620.8695652173914,0.0,0.0,21.89108795620493,0.0,0.0,1
9,0,11,4,28,1,2,3,14.499743186581792,477,58,2,0,0,1,0,493.44827586206895,0.0045191072056427,0.0,0.0,0.0,0.0,0
4,17,1,8,24,7,0,4,16.534068119093003,2019,218,3,1,1,0,0,555.6880733944954,0.0,0.0,0.0,0.0,0.0,1
8,7,11,4,18,2,17,20,16.241057771569096,1823,184,0,0,0,0,0,594.4565217391304,0.0,0.0,0.0,0.0,0.0,1
0,5,0,2,2,5,20,23,34.28309611626038,1268,136,0,0,0,0,1,559.4117647058823,0.0,0.0,0.0,0.0,0.0,1
3,8,5,9,28,5,0,4,19.2752829768147,1538,154,0,0,0,1,0,599.2207792207791,0.0,0.0,0.0,0.0,0.0,1
2,11,10,12,7,1,8,9,16.890133023681674,1096,81,0,0,1,0,1,811.8518518518518,0.0,0.0,0.0,0.0,0.0,1
8,15,17,9,22,3,14,19,0.0,2670,288,3,0,0,1,0,556.25,0.0,0.0,0.0,0.0,0.0,0
7,5,13,3,28,7,11,13,0.0,1237,149,0,1,0,0,0,498.1208053691275,0.0,0.0,0.0,0.0,0.0,0
5,17,6,12,20,2,22,3,17.81329396287007,2951,296,3,0,1,0,0,598.1756756756756,0.0,0.0,0.0,0.0,0.0,1
6,4,1,8,16,1,11,13,0.0,1419,166,0,0,1,1,0,512.8915662650603,0.0,0.0,0.0,0.0,0.0,0
9,5,15,4,1,3,1,2,0.0,300,43,2,0,0,0,1,418.6046511627907,5.457329138677456,0.0,0.0,0.0,0.0,0
0,15,19,10,5,3,2,7,27.96921898450348,2860,274,3,0,0,1,1,626.2773722627737,0.0,0.0,0.0,0.0,0.0,1
6,0,6,7,28,4,15,19,0.0,2379,210,3,0,1,1,0,679.7142857142857,0.0,0.0,0.0,0.0,0.0,0
5,10,8,6,19,4,10,13,21.02920453840029,1886,185,0,0,0,1,1,611.6756756756756,0.0,0.0,0.0,0.0,1.351001319721309,1
0,12,19,11,21,4,4,6,27.08845455689569,1288,108,0,0,1,0,1,715.5555555555555,0.0,0.0,16.16708895351745,0.0,0.0,1
0,19,12,10,5,1,7,10,0.0,1159,118,0,0,0,1,0,589.3220338983051,0.0,0.0,0.0,0.0,0.0,0
5,19,7,1,12,5,9,10,0.0,648,49,1,0,0,1,0,793.469387755102,0.0,0.0,0.0,0.0,0.0,0
2,17,13,5,6,4,2,4,9.823189364495558,999,108,1,0,0,0,0,555.0,0.0,0.0,0.0,0.0,0.0,0
3,0,6,2,20,3,14,16,28.60540251114488,546,42,1,0,0,1,0,780.0,0.0,0.0,0.0,0.0,0.0,1
3,0,9,9,24,2,18,19,0.0,1035,89,0,0,0,1,0,697.7528089887641,0.0,0.0,0.0,0.0,0.0,0
8,17,16,2,26,6,23,0,4.70251322303784,402,50,2,1,0,0,0,482.4,0.0,0.0,0.0,0.0,0.0,0
9,11,8,5,14,7,17,21,26.37763657809658,2596,263,3,1,0,0,1,592.2433460076045,0.0,0.0,0.0,0.0,0.0,1
6,8,12,11,3,7,3,4,34.821237409701325,649,55,1,1,1,1,0,708.0,0.0,0.0,0.0,0.0,0.0,1
5,5,1,9,13,5,10,13,9.999775832066222,1997,219,0,0,0,0,0,547.1232876712329,0.0,0.0,0.0,0.0,0.0,0
6,1,12,10,21,5,9,11,10.053422756935287,1466,146,0,0,0,0,0,602.4657534246576,0.0,0.0,0.0,38.91277617108733,0.0,1
3,11,18,2,2,7,0,5,0.0,2745,285,3,1,0,0,0,577.8947368421053,0.0,0.0,0.0,0.0,0.0,0
9,13,7,8,25,1,6,10,0.0,1958,212,0,0,1,0,0,554.1509433962265,0.0,0.0,0.0,0.0,0.0,0
9,14,5,10,14,3,21,1,38.86971519168043,1943,216,0,0,0,0,0,539.7222222222222,0.0,0.0,0.0,0.0,0.0,1
0,18,17,11,25,2,22,3,33.35007777383592,2829,265,3,0,1,0,0,640.5283018867924,0.0,0.0,12.15730280564076,0.0,0.0,1
4,18,5,4,7,4,22,3,19.2193943270594,2659,266,3,0,0,0,0,599.7744360902255,0.0,0.0,0.0,0.0,0.0,1
3,5,17,12,1,4,22,2,8.891597724712305,1756,196,0,0,1,0,0,537.5510204081633,0.0,0.0,0.0,0.0,0.0,0
8,17,9,10,18,1,4,6,29.731764988035295,653,47,1,0,0,0,0,833.6170212765958,0.0,0.0,0.0,0.0,0.0,1
3,12,2,8,5,2,21,2,0.0,2341,247,3,0,1,0,0,568.663967611336,0.0,0.0,0.0,0.0,0.0,0
8,10,18,12,16,7,4,7,19.040469081790143,1983,171,0,1,1,1,0,695.7894736842105,0.0,0.0,0.0,0.0,0.0,1
8,4,4,11,20,1,8,13,25.86390196770451,2509,260,3,0,1,1,1,579.0,0.0,0.0,0.0,0.0,0.0,1
0,4,19,6,12,1,19,0,22.167241079831943,2711,276,3,0,0,1,1,589.3478260869566,0.0,0.0,0.0,37.27584497381825,0.0,1
9,13,11,12,11,5,6,10,13.240067763407708,1878,175,0,0,1,0,0,643.8857142857144,0.0,0.0,0.0,0.0,0.0,0
9,9,17,1,6,2,5,10,10.803961664171654,2763,251,3,0,0,0,0,660.4780876494024,0.0,0.0,11.242508149153636,0.0,0.0,1
7,12,13,10,4,2,13,16,23.95521073819006,1372,151,0,0,0,0,0,545.1655629139073,0.0,0.0,0.0,0.0,0.0,1
6,15,2,3,7,3,5,6,1.1089247447992552,526,66,1,0,0,1,0,478.18181818181813,0.0,15.420453982429288,0.0,0.0,0.0,1
8,14,3,1,28,1,6,10,1.1339858682847002,2132,222,3,0,0,0,0,576.2162162162161,0.0,0.0,0.0,0.0,0.0,0
1,18,10,3,8,6,14,15,10.203875889372792,482,30,2,1,0,0,1,964.0,0.0,0.0,0.0,0.0,0.0,0
9,16,13,5,22,6,19,22,0.0,1322,109,0,1,0,0,0,727.7064220183486,0.0,0.0,0.0,0.0,0.0,0
3,3,3,2,18,4,15,17,19.582319061054275,1617,130,0,0,0,0,0,746.3076923076924,0.0,0.0,0.0,0.0,6.328950125641147,1
5,5,3,6,11,2,8,12,20.402473685431183,2275,241,3,0,0,0,0,566.3900414937759,0.0,0.0,0.0,0.0,0.0,1
8,16,4,5,15,5,3,4,0.0,722,76,1,0,0,0,1,570.0,0.0,0.0,0.0,0.0,0.0,0
0,6,3,11,13,4,2,6,4.1281626108154965,2664,265,3,0,1,0,0,603.1698113207547,0.0,0.0,0.0,0.0,0.0,0
4,17,5,11,18,4,3,7,22.411804473892623,2611,207,3,0,1,0,0,756.8115942028985,0.0,0.0,0.0,0.0,0.0,1
2,18,16,11,23,2,23,1,34.96769724746535,1892,163,0,0,1,0,0,696.4417177914111,0.0,0.0,0.0,0.0,0.0,1
6,6,0,5,20,5,7,11,32.9860296894272,2562,225,3,0,0,0,1,683.2,0.0,0.0,0.0,0.0,0.0,1
6,15,17,11,21,1,16,20,0.0,2385,232,3,0,1,1,0,616.8103448275862,10.111271075706474,0.0,4.930663565632619,0.0,0.0,1
3,0,4,10,11,4,2,4,25.29944517341048,1459,140,0,0,0,1,1,625.2857142857142,0.0,0.0,0.0,0.0,0.0,1
7,8,18,7,4,4,20,0,3.604997504562625,1614,165,0,0,1,1,0,586.9090909090909,0.0,0.0,0.0,0.0,0.0,0
1,16,18,11,11,3,6,6,12.223965196332228,181,52,2,0,1,0,0,208.84615384615384,12.876205569828942,0.0,0.0,0.0,0.0,1
6,15,2,2,1,6,15,18,3.452197491928409,1481,158,0,1,0,1,0,562.4050632911393,0.0,0.0,0.0,0.0,0.0,0
9,7,15,10,27,3,7,9,2.3925445905081464,637,84,1,0,0,0,1,455.00000000000006,0.0,0.0,0.0,0.0,0.0,0
1,7,13,12,8,4,0,4,6.149144613073865,1978,222,0,0,1,0,0,534.5945945945946,0.0,0.0,0.0,0.0,0.0,0
0,10,4,4,10,2,22,22,8.751536908837503,262,38,2,0,0,1,1,413.6842105263158,0.0,0.0,0.0,0.0,0.0,0
2,14,5,10,21,5,10,14,11.976089948852952,2543,255,3,0,0,0,0,598.3529411764706,0.0,0.0,0.0,0.0,0.2425461617254569,0
0,15,18,8,28,4,5,7,0.0,745,44,1,0,1,1,0,1015.909090909091,0.0,0.0,0.0,0.0,0.7528022787999875,0
3,18,13,6,24,6,19,21,0.0,452,65,2,1,0,0,0,417.2307692307693,0.0,0.0,0.0,0.0,0.0,0
5,16,15,4,20,3,14,17,26.409107875507903,1569,158,0,0,0,0,1,595.8227848101266,0.0,0.0,0.0,0.0,7.801538404612259,1
3,17,11,3,15,5,8,10,33.78091469799308,171,30,2,0,0,0,0,342.0,0.0,0.0,0.0,0.0,0.0,1
7,6,11,3,8,6,18,22,32.67831483245807,2338,207,3,1,0,0,0,677.6811594202899,0.0,0.0,0.0,0.0,0.0,1
7,4,13,5,12,5,14,16,32.14165585030323,981,86,1,0,0,1,0,684.4186046511628,0.0,0.0,0.0,0.0,0.0,1
4,3,19,1,22,4,5,8,4.862925871523392,1086,114,0,0,0,0,1,571.578947368421,0.0,0.0,0.0,0.0,11.573462606085448,1
7,10,2,4,13,2,7,8,26.07714373396576,194,30,2,0,0,1,0,388.0,0.0,0.0,0.0,0.0,0.0,1
4,1,16,9,9,5,15,16,0.0,736,64,1,0,0,0,0,690.0,0.0,0.0,0.0,0.0,0.0,0
9,12,11,11,16,2,9,14,7.60121319001704,2677,273,3,0,1,0,0,588.3516483516484,0.0,0.0,0.0,0.0,0.0,0
3,19,7,9,18,2,21,1,14.40026111507346,2236,212,3,0,0,1,0,632.8301886792453,2.218874775160324,0.0,0.0,0.0,0.0,1
2,17,0,12,28,3,19,22,0.0,2273,208,3,0,1,0,1,655.6730769230769,0.0,0.0,0.0,0.0,0.0,0
3,15,0,1,14,6,0,2,0.0,1441,164,0,1,0,1,1,527.1951219512194,0.0,0.0,0.0,0.0,0.0,0
9,4,1,4,18,1,5,8,6.877779251939081,1853,216,0,0,0,1,0,514.7222222222222,0.0,0.0,0.0,0.0,0.0,0
3,13,7,10,5,4,3,7,18.60056096232929,2305,203,3,0,0,0,0,681.2807881773399,0.0,0.0,0.0,0.0,0.0,1
4,16,16,3,17,4,21,0,0.0,1691,144,0,0,0,0,0,704.5833333333334,0.0,0.0,0.0,0.0,0.0,0
8,10,10,8,10,6,0,2,9.057562357404969,1160,93,0,1,1,1,1,748.3870967741935,0.0,0.0,0.0,0.0,0.0,0
2,0,8,7,14,1,6,10,6.35540241491417,2502,237,3,0,1,1,1,633.4177215189873,0.0,0.0,0.0,0.0,0.0,0
7,15,0,9,22,7,5,9,0.0,2812,251,3,1,0,1,1,672.191235059761,0.0,0.0,13.977378918506655,0.0,0.0,0
8,11,8,4,20,2,11,14,11.490231032108277,1937,211,0,0,0,0,1,550.8056872037914,0.0,0.0,0.0,0.0,0.0,0
7,0,0,5,8,2,2,7,0.0,2648,269,3,0,0,1,1,590.631970260223,0.0,0.0,0.0,0.0,0.0,0
6,9,15,2,21,4,10,15,7.887768754521516,2593,269,3,0,0,0,1,578.364312267658,0.0,0.0,0.0,0.0,0.0,0
2,3,15,3,15,7,18,22,6.501398713034295,2471,263,3,1,0,0,1,563.7262357414448,0.0,0.0,0.0,0.0,0.0,0
8,6,18,9,4,5,5,9,0.0,1770,179,0,0,0,0,0,593.2960893854748,0.0,0.0,0.0,26.45946755759164,0.0,1
5,9,7,3,4,6,3,4,6.356445176021207,882,72,1,1,0,0,0,735.0,0.0,0.0,0.0,0.0,0.0,0
9,10,5,2,18,5,21,0,6.891688965842007,1673,174,0,0,0,1,0,576.8965517241379,0.0,0.0,0.0,0.0,0.0,0
7,7,2,9,27,5,7,10,8.160929170247249,2092,180,3,0,0,0,0,697.3333333333334,0.0,0.0,0.0,0.0,0.0,0
1,13,5,5,3,1,5,8,37.19387123550091,1044,123,0,0,0,0,0,509.26829268292687,0.0,0.0,0.0,0.0,0.0,1
6,16,5,4,28,3,20,22,16.13015387430623,1404,122,0,0,0,0,0,690.4918032786886,0.0,0.0,0.0,0.0,0.0,1
9,12,7,5,16,4,8,14,2.5060710546566174,2992,281,3,0,0,0,0,638.8612099644128,0.0,0.0,0.0,0.0,0.0,0
2,18,14,4,27,3,19,23,20.23933036281237,2254,234,3,0,0,0,0,577.948717948718,0.0,0.0,0.0,0.0,0.0,1
9,9,15,4,10,1,4,9,6.969159673489232,2823,339,3,0,0,0,1,499.646017699115,0.0,0.0,0.0,0.0,0.0,0
2,18,3,1,5,3,22,1,3.816533137577238,2391,196,3,0,0,0,0,731.9387755102041,0.0,0.0,0.0,0.0,0.0,0
9,10,18,12,24,5,23,0,0.0,225,51,2,0,1,1,0,264.70588235294116,0.0,0.0,0.0,0.0,0.0,0
2,5,2,2,2,5,22,1,11.274301756090049,1529,137,0,0,0,0,0,669.6350364963504,0.0,0.0,0.0,0.0,0.0,0
0,6,5,1,15,5,23,23,16.61477958422258,210,30,2,0,0,0,0,420.0,0.0,0.0,0.0,0.0,0.0,1
3,19,13,12,13,7,22,1,4.298448870228548,1652,133,0,1,1,1,0,745.2631578947368,0.0,0.0,0.0,0.0,0.0,0
7,16,14,1,19,4,17,19,16.22699935212308,890,53,1,0,0,0,0,1007.5471698113208,0.0,0.0,0.0,0.0,0.0,1
0,18,17,12,5,6,19,20,38.314084609502544,952,90,1,1,1,0,0,634.6666666666666,0.0,0.0,0.0,0.0,0.0,1
9,4,14,2,2,6,6,9,10.092703465188984,1369,124,0,1,0,1,0,662.4193548387096,0.0,0.0,0.0,0.0,0.0,0
8,1,0,4,8,1,1,5,7.453304480104902,2500,249,3,0,0,0,1,602.4096385542168,0.0,0.0,0.0,0.0,0.0,0
2,0,14,2,12,5,2,8,0.0,2831,303,3,0,0,1,0,560.5940594059406,0.0,0.0,0.0,0.0,0.0,0
7,15,15,9,20,3,10,14,14.756520382053129,1868,204,0,0,0,1,1,549.4117647058823,0.0,0.0,0.0,0.0,0.0,0
4,15,1,7,26,7,4,7,17.491969555156267,1683,172,0,1,1,1,0,587.0930232558139,0.0,0.0,0.0,0.0,0.0,1
9,9,2,3,26,3,23,3,20.25483915814744,2987,285,3,0,0,0,0,628.8421052631579,2.658300068386659,22.301495915689124,0.0,0.0,0.0,1
7,17,16,6,11,2,12,16,12.927695632624909,2233,259,3,0,0,0,0,517.2972972972973,13.08719444179848,0.0,0.0,0.0,0.0,1
9,11,4,1,28,7,14,18,19.209046833304328,2003,208,3,1,0,0,1,577.7884615384615,13.669188874207345,25.978746654264064,0.0,0.0,0.0,1
8,17,18,10,19,2,15,18,2.563386257076768,1622,188,0,0,0,0,0,517.6595744680851,0.0,0.0,0.0,0.0,0.0,0
1,0,1,8,2,1,10,15,42.564508858510216,2755,272,3,0,1,1,0,607.7205882352941,0.0,0.0,0.0,15.817414985331242,0.0,1
9,7,15,6,24,3,12,17,8.398272781858807,2268,239,3,0,0,0,1,569.3723849372385,0.0,3.3047313015679345,0.0,0.0,0.0,0
0,11,12,3,18,2,2,4,0.0,1363,143,0,0,0,0,0,571.8881118881119,4.890252905123998,0.0,0.0,0.0,0.0,0
8,8,3,6,19,7,2,7,0.0,2642,238,3,1,0,1,0,666.0504201680673,7.124137835469382,0.0,6.269022087364157,0.0,0.0,0
7,9,16,6,4,5,15,19,4.759872794603947,2176,205,3,0,0,0,0,636.8780487804878,0.0,0.0,0.0,0.0,0.0,0
8,5,18,9,22,4,0,2,16.237956478661605,718,54,1,0,0,0,0,797.7777777777777,0.0,0.0,0.0,0.0,0.0,1
0,12,3,4,11,2,21,22,25.919035494596876,524,40,1,0,0,0,0,786.0,0.0,0.0,0.0,0.0,0.0,1
4,17,18,1,15,2,2,4,0.0,855,95,1,0,0,0,0,540.0,0.0,0.0,0.0,0.0,0.0,0
7,0,12,1,27,4,3,5,16.60561122959211,1174,114,0,0,0,1,0,617.8947368421053,0.0,0.0,0.0,0.0,0.0,1
4,17,19,5,19,7,17,19,46.54772276040952,935,110,1,1,0,0,1,510.0,0.0,0.0,0.0,0.0,0.0,1
3,18,9,7,24,7,16,18,25.964859765986677,936,96,1,1,1,0,0,585.0,0.0,0.0,0.0,0.0,0.0,1
4,15,6,8,6,6,15,18,20.672869669843266,1003,110,0,1,1,1,0,547.0909090909091,8.433191211209227,0.0,0.0,0.0,0.0,1
3,14,1,8,19,4,18,19,9.082939319308318,536,49,1,0,1,0,0,656.3265306122449,0.0,0.0,0.0,0.0,0.0,0
0,7,19,2,19,2,22,1,10.478977055478737,1254,98,0,0,0,0,1,767.7551020408164,0.0,0.0,0.0,21.884103401393894,0.0,1
0,10,6,10,2,1,12,13,20.298002435618574,734,56,1,0,0,1,0,786.4285714285714,0.0,0.0,0.0,0.0,0.0,1
2,7,1,6,26,6,22,0,0.0,387,58,2,1,0,0,0,400.3448275862069,0.0,0.0,0.0,0.0,7.518708636067348,0
6,6,12,1,25,2,21,0,23.76812845286005,1289,140,0,0,0,0,0,552.4285714285714,11.020960301795574,0.0,0.0,0.0,2.547928759399751,1
7,5,8,3,10,4,20,20,31.5516320425074,274,30,2,0,0,0,1,548.0,0.0,0.0,0.0,0.0,24.350973201058043,1
3,5,7,11,27,5,19,20,15.0946909890215,1199,116,0,0,1,0,0,620.1724137931035,0.0,0.0,0.0,0.0,0.0,1
5,8,18,5,14,5,0,5,13.558444031205362,2102,227,3,0,0,1,0,555.5947136563877,6.730580344831952,0.0,0.0,0.0,0.0,1
9,13,13,8,25,7,0,2,10.982562401447492,543,61,1,1,1,0,0,534.0983606557378,0.0,0.0,0.0,0.0,0.0,0
5,1,15,2,4,3,11,13,0.0,1209,110,0,0,0,0,1,659.4545454545455,0.0,0.0,0.0,0.0,0.0,0
0,9,3,9,16,4,16,19,6.358008052874038,1377,141,0,0,0,0,0,585.9574468085107,0.0,0.0,0.0,0.0,0.0,0
5,6,6,2,23,4,3,7,36.98541261048975,2553,248,3,0,0,0,0,617.6612903225806,0.0,0.0,0.0,0.0,0.0,1
2,7,19,2,8,3,11,13,26.137330720751628,575,79,1,0,0,0,1,436.7088607594937,0.0,0.0,0.0,0.0,0.0,1
6,9,7,3,2,4,2,7,19.2736341098248,2743,268,3,0,0,0,0,614.1044776119403,0.0,0.0,0.0,0.0,0.0,1
2,10,9,11,1,2,12,15,0.5198136479586815,712,90,1,0,1,1,0,474.6666666666667,0.0,0.0,0.0,0.0,0.0,0
8,14,8,5,9,6,10,14,20.77839875317587,1459,180,0,1,0,0,1,486.3333333333333,0.0,0.0,0.0,0.0,4.11201639715102,1
0,4,14,6,19,6,3,6,4.334829527150808,1924,216,0,1,0,1,0,534.4444444444445,0.0,0.0,0.0,0.0,0.0,0
2,11,17,5,16,1,8,12,0.0,1906,208,0,0,0,0,0,549.8076923076923,0.0,0.0,0.0,0.0,0.0,0
1,14,7,6,17,2,15,18,15.685793357006167,2096,187,3,0,0,0,0,672.5133689839572,0.0,0.0,0.0,0.0,0.0,1
7,3,10,3,27,2,2,6,13.61958120979702,1830,217,0,0,0,0,1,505.99078341013825,14.136130673298842,29.72634275839321,0.0,0.0,0.0,1
0,0,12,8,6,6,19,19,0.0,213,30,2,1,1,1,0,426.0,0.0,0.0,0.0,0.0,0.0,0
7,1,2,9,23,5,2,6,5.539298709034945,1710,200,0,0,0,0,0,513.0,0.0,0.0,0.0,0.0,0.0,0
5,7,7,4,8,3,3,7,29.55951586088509,2165,203,3,0,0,0,0,639.9014778325123,0.0,0.0,0.0,0.0,0.0,1
7,13,8,1,24,1,21,0,0.0,1071,112,0,0,0,0,1,573.75,0.0,0.0,0.0,0.0,0.0,0
3,10,18,1,1,4,22,2,0.0,2369,247,3,0,0,1,0,575.4655870445345,0.0,0.0,0.0,0.0,0.0,0
7,13,6,11,1,3,19,0,47.97739181839502,2390,274,3,0,1,0,0,523.3576642335767,0.0,0.0,0.0,0.0,0.0,1
3,9,11,4,11,6,15,18,17.521785447887,796,119,1,1,0,0,0,401.34453781512605,0.0,0.0,0.0,0.0,0.0,1
1,11,16,1,3,4,10,12,5.215117656775485,1538,171,0,0,0,0,0,539.6491228070175,0.0,0.0,0.0,0.0,0.0,0
5,8,2,12,12,4,6,7,11.893947671957209,630,81,1,0,1,1,0,466.66666666666663,0.0,0.0,0.0,0.0,0.0,0
5,18,10,6,13,6,16,18,0.0,1131,102,0,1,0,0,1,665.2941176470589,0.0,0.0,0.0,0.0,0.0,0
8,15,1,4,7,4,18,22,10.485654426677089,2066,246,3,0,0,1,0,503.9024390243903,0.0,0.0,0.0,0.0,0.0,0
5,18,6,5,25,2,17,22,11.750746415973792,1792,213,0,0,0,0,0,504.7887323943662,0.0,0.0,0.0,0.0,0.0,0
0,16,15,3,9,1,16,17,13.997945913970836,180,30,2,0,0,0,1,360.0,0.0,0.0,0.0,0.0,0.0,0
8,14,3,3,15,6,23,0,9.31560524070442,381,30,2,1,0,0,0,762.0,0.0,0.0,0.0,0.0,0.0,0
5,9,4,4,16,2,19,0,0.0,2880,269,3,0,0,0,1,642.3791821561338,0.0,0.0,0.0,0.0,0.0,0
4,14,15,9,25,3,3,5,1.341223332687166,623,85,1,0,0,0,1,439.7647058823529,0.0,0.0,0.0,0.0,0.0,0
7,4,11,6,18,6,19,20,0.0,656,67,1,1,0,1,0,587.4626865671642,0.0,0.0,0.0,0.0,0.0,0
4,3,10,8,22,7,10,13,37.840492708721314,1765,143,0,1,1,0,1,740.5594405594405,0.0,0.0,0.0,0.0,0.0,1
6,5,12,12,27,1,17,20,0.0,1462,152,0,0,1,0,0,577.1052631578948,0.0,0.0,0.0,0.0,0.0,0
7,17,4,7,22,4,6,8,17.197094967403167,1317,106,0,0,1,0,1,745.4716981132076,0.0,0.0,0.0,0.0,0.0,1
1,13,12,9,15,4,21,22,7.035253222938454,546,43,1,0,0,0,0,761.8604651162791,0.0,0.0,0.0,0.0,0.0,0
5,17,1,10,15,5,21,0,0.0,1051,126,0,0,0,0,0,500.4761904761905,0.0,0.0,0.0,0.0,0.0,0
8,14,0,7,1,2,15,16,3.088177500230362,187,30,2,0,1,0,1,374.0,0.0,0.0,0.0,0.0,6.63530729163092,0
1,10,16,3,19,4,15,19,0.0,2713,258,3,0,0,1,0,630.9302325581396,0.0,0.0,0.0,0.0,0.0,0
7,14,9,3,6,6,4,9,0.0,2333,282,3,1,0,0,0,496.3829787234042,0.0,0.0,0.0,0.0,0.0,0
7,4,14,4,8,4,3,9,12.835164138545144,2547,304,3,0,0,1,0,502.69736842105266,0.0,0.0,0.0,0.0,0.0,0
1,14,2,4,6,5,21,2,9.525898329224932,2554,274,3,0,0,0,0,559.2700729927008,0.0,0.0,0.0,0.0,0.0,0
8,9,13,3,1,3,0,3,21.63107473854605,1089,127,0,0,0,0,0,514.488188976378,0.0,0.0,0.0,0.0,0.0,1
0,12,10,5,12,6,0,1,42.77555839896563,280,30,2,1,0,0,1,560.0,0.0,0.0,0.0,0.0,0.0,1
6,13,16,5,11,6,8,11,10.39407563915098,1242,125,0,1,0,0,0,596.16,0.0,0.0,0.0,0.0,0.0,0
7,11,14,5,4,6,4,6,0.0,974,115,1,1,0,0,0,508.17391304347825,0.0,0.0,0.0,0.0,0.0,0
6,3,17,7,17,2,20,21,0.0,1335,108,0,0,1,0,0,741.6666666666666,0.0,0.0,0.0,0.0,0.0,0
7,10,7,8,6,1,4,8,0.0,2249,192,3,0,1,1,0,702.8125,0.0,0.0,0.0,0.0,0.0,0
5,19,18,10,23,6,21,0,57.94854076289054,1500,152,0,1,0,1,0,592.1052631578948,0.0,0.0,0.0,0.0,0.0,1
6,19,4,10,27,5,3,9,6.207029747392268,2936,306,3,0,0,1,1,575.686274509804,0.0,0.0,0.0,0.0,0.0,0
7,10,1,10,20,2,0,5,12.473656012370103,2396,223,3,0,0,1,0,644.6636771300448,0.0,0.0,0.0,0.0,0.0,0
4,0,14,10,9,5,20,2,3.492173688764004,2860,279,3,0,0,1,0,615.0537634408602,0.0,0.0,21.13797780528807,0.0,0.0,1
1,1,3,11,22,6,13,19,17.567888127465032,2817,316,3,1,1,0,0,534.873417721519,0.0,0.0,0.0,0.0,0.0,1
3,19,2,8,16,2,5,8,15.258009891217696,940,107,1,0,1,1,0,527.1028037383177,0.0,0.0,0.0,0.0,0.0,1
8,9,7,1,20,7,11,15,37.142381391754135,1764,196,0,1,0,0,0,540.0,0.0,0.0,0.0,0.0,7.229802984283939,1
4,7,5,9,21,3,16,19,12.755292435805238,1641,127,0,0,0,0,0,775.275590551181,0.0,17.77929314973204,0.0,0.0,0.0,1
1,16,3,1,13,6,3,7,0.0,2517,268,3,1,0,0,0,563.5074626865671,0.0,0.0,0.0,0.0,0.0,0
7,19,11,11,9,2,5,6,1.574898303976772,291,30,2,0,1,1,0,582.0,0.0,0.0,0.0,0.0,0.0,0
7,13,1,8,26,1,22,0,6.70150105446767,1073,112,0,0,1,0,0,574.8214285714286,0.0,0.0,0.0,0.0,12.79913627137996,1
8,7,16,12,18,2,14,18,0.0,2711,238,3,0,1,0,0,683.4453781512605,0.0,0.0,0.0,0.0,0.0,0
0,19,4,8,24,5,2,5,0.0,1886,193,0,0,1,1,1,586.3212435233161,0.0,0.0,0.0,0.0,0.0,0
5,18,12,10,20,4,10,13,16.16749209610623,1178,117,0,0,0,0,0,604.1025641025641,0.0,0.0,0.0,0.0,0.0,1
8,4,1,8,16,7,7,10,15.576538498499271,1747,179,0,1,1,1,0,585.586592178771,0.0,0.0,0.0,0.0,0.0,1
6,2,5,7,6,2,18,20,15.975441986886995,1716,162,0,0,1,0,0,635.5555555555555,13.90742416818895,0.0,0.0,0.0,0.0,1
0,3,11,8,22,2,5,9,22.1899522578916,2389,231,3,0,1,0,0,620.5194805194805,17.196348851456435,0.0,0.0,0.0,0.0,1
6,1,3,10,27,2,15,17,2.3006573344862438,993,91,1,0,0,0,0,654.7252747252747,0.0,0.0,0.0,0.0,0.0,0
5,0,10,9,8,3,5,9,21.98862020527746,2423,233,3,0,0,1,1,623.9484978540772,0.0,34.130346627314864,0.0,0.0,0.0,1
0,0,14,9,20,2,22,2,8.044451890673336,1932,187,0,0,0,1,0,619.8930481283422,0.0,0.0,0.0,0.0,0.0,0
6,7,4,8,18,5,17,18,8.638429933670905,312,36,2,0,1,0,1,520.0,5.16015372028772,0.0,0.0,0.0,0.0,0
1,17,10,7,23,6,9,12,10.027083355293868,2171,225,3,1,1,0,1,578.9333333333333,0.0,0.0,0.0,0.0,0.0,0
1,1,12,11,25,5,16,18,12.567883391054488,407,64,2,0,1,0,0,381.5625,0.0,0.0,0.0,0.0,0.0,0
9,10,3,7,25,1,9,11,14.229927655569565,296,41,2,0,1,1,0,433.1707317073171,0.0,30.85683888088369,0.0,0.0,0.0,1
8,18,14,6,17,3,16,19,22.501465199474232,1373,133,0,0,0,0,0,619.3984962406015,0.0,0.0,0.0,0.0,0.0,1
8,11,2,7,20,6,18,21,15.05582683956874,1936,181,0,1,1,0,0,641.767955801105,0.0,0.0,0.0,0.0,0.0,1
7,17,8,1,28,5,7,11,0.0,2037,216,3,0,0,0,1,565.8333333333334,0.0,0.0,0.0,0.0,0.0,0
9,0,5,5,16,1,3,5,22.27954828029799,920,107,1,0,0,1,0,515.8878504672897,0.0,0.0,0.0,0.0,0.0,1
8,12,1,3,15,5,18,22,30.452165350000453,2644,264,3,0,0,0,0,600.9090909090909,0.0,0.0,0.0,0.0,0.0,1
7,9,4,2,27,3,22,2,20.04053537496487,1409,160,0,0,0,0,1,528.375,0.0,0.0,0.0,0.0,0.0,1
2,10,7,11,12,4,17,18,5.350963864682844,157,53,2,0,1,1,0,177.73584905660377,0.0,0.0,0.0,0.0,0.0,0
5,1,2,9,3,6,1,2,17.041347932881045,710,61,1,1,0,0,0,698.360655737705,0.0,0.0,0.0,0.0,0.0,1
2,0,7,1,16,6,17,23,6.197433382162373,2835,289,3,1,0,1,0,588.5813148788927,0.0,0.0,0.0,0.0,0.0,0
8,8,4,2,24,5,10,13,11.93702861536377,1457,155,0,0,0,1,1,564.0,0.0,0.0,0.0,0.0,0.0,0
8,14,3,8,23,6,10,15,33.21333024874285,2614,264,3,1,1,0,0,594.090909090909,0.0,0.0,0.0,0.0,0.0,1
4,9,6,9,6,5,3,4,24.70553724836228,263,47,2,0,0,0,0,335.74468085106383,0.0,0.0,3.440838559863712,0.0,0.0,1
6,7,3,11,5,2,3,7,17.91384983648906,2060,202,3,0,1,0,0,611.8811881188119,0.0,0.0,0.0,0.0,0.0,1
0,4,16,6,15,4,12,13,0.0,418,30,2,0,0,1,0,836.0,0.0,0.0,0.0,0.0,0.0,0
1,12,6,2,23,3,23,2,24.77393980690901,2352,228,3,0,0,0,0,618.9473684210527,0.0,0.0,0.0,0.0,0.0,1
0,3,14,9,20,2,3,3,17.289258794034723,162,30,2,0,0,0,0,324.0,0.0,0.0,0.0,0.0,0.0,1
0,4,12,5,15,1,12,14,5.658692552023907,702,57,1,0,0,1,0,738.9473684210527,0.0,0.0,0.0,0.0,0.0,0
1,15,12,5,22,6,18,22,19.029208691738805,1669,187,0,1,0,1,0,535.5080213903743,0.0,0.0,0.0,0.0,0.0,1
3,16,4,1,15,7,8,13,0.0,2914,318,3,1,0,0,1,549.811320754717,0.0,0.0,0.0,0.0,0.0,0
7,1,17,1,24,2,15,19,9.60877531209301,2344,217,3,0,0,0,0,648.110599078341,0.0,0.0,0.0,0.0,0.0,0
6,2,11,8,27,7,14,17,25.872191901567525,1520,143,0,1,1,0,0,637.7622377622378,7.242919837423775,0.0,0.0,0.0,0.0,1
6,15,11,10,26,6,6,9,0.0,1459,131,0,1,0,1,0,668.2442748091604,0.0,0.0,0.0,0.0,0.0,0
7,4,15,4,20,6,7,9,0.0,1073,99,0,1,0,1,1,650.3030303030304,0.0,0.0,0.0,0.0,0.0,0
7,3,14,12,5,5,0,2,22.586221413506443,1181,124,0,0,1,0,0,571.4516129032257,0.0,0.0,0.0,0.0,0.0,1
6,11,14,4,23,3,4,8,25.13882625975756,2331,232,3,0,0,0,0,602.8448275862069,0.0,0.0,0.0,0.0,0.0,1
6,12,13,9,28,1,2,3,1.123120088145109,110,46,2,0,0,0,0,143.47826086956522,0.0,0.0,0.0,0.0,0.0,0
5,9,4,2,2,2,1,3,18.48452992934605,649,73,1,0,0,0,1,533.4246575342466,0.0,0.0,0.0,0.0,0.0,1
7,12,9,1,5,1,0,1,0.0,1131,92,0,0,0,0,0,737.6086956521739,0.0,0.0,0.0,0.0,0.0,0
5,12,5,7,28,4,13,16,22.29755822897711,2184,210,3,0,1,0,0,624.0,0.0,0.0,0.0,0.0,0.0,1
4,13,6,6,10,2,5,9,9.536595807116596,2046,197,3,0,0,0,0,623.1472081218275,0.0,0.0,0.0,0.0,0.0,0
1,4,14,5,11,6,21,23,10.124465435867846,1028,83,0,1,0,1,0,743.132530120482,0.0,0.0,0.0,0.0,0.0,0
8,11,6,3,2,1,10,13,7.915693516280095,1706,159,0,0,0,0,0,643.7735849056604,0.0,0.0,4.875651929715234,0.0,10.032866463846297,1
2,0,18,4,27,5,11,15,0.0,2796,280,3,0,0,1,0,599.1428571428571,0.0,0.0,0.0,0.0,0.0,0
9,11,17,6,22,7,2,6,0.0,2553,246,3,1,0,0,0,622.6829268292684,0.0,0.0,0.0,0.0,0.0,0
9,12,14,10,20,5,4,8,0.0,1929,199,0,0,0,0,0,581.608040201005,0.0,0.0,0.0,0.0,0.0,0
4,17,2,10,22,6,22,0,0.0,183,30,2,1,0,0,0,366.0,0.0,0.0,5.456861996309724,0.0,16.48695498851545,1
7,13,4,7,28,3,8,12,22.316950646362947,2398,240,3,0,1,0,1,599.5,0.0,0.0,0.0,0.0,0.0,1
3,4,10,11,5,4,2,4,36.61217561792572,700,50,1,0,1,1,1,840.0,2.5378916922207004,0.0,0.0,0.0,0.0,1
6,17,4,2,19,1,1,6,15.71358806522376,2172,247,3,0,0,0,1,527.6113360323887,0.0,0.0,0.0,0.0,0.0,1
1,17,18,5,14,3,0,5,0.0,2377,282,3,0,0,0,0,505.74468085106383,0.0,0.0,0.0,0.0,0.0,0
1,1,16,7,6,1,15,19,0.0,2651,267,3,0,1,0,0,595.7303370786517,1.1964212523187046,0.0,0.0,0.0,0.0,0
5,12,16,10,16,1,13,16,0.0,1320,95,0,0,0,0,0,833.6842105263158,0.0,0.0,0.0,0.0,11.180463607195025,0
3,13,14,4,19,2,7,8,10.731240193150365,200,30,2,0,0,0,0,400.0,0.0,0.0,0.0,0.0,0.0,0
7,19,8,1,20,3,0,4,20.273344653713977,1898,187,0,0,0,1,1,608.9839572192514,0.0,0.0,0.0,0.0,0.0,1
0,2,16,1,23,5,6,10,0.0,2228,215,3,0,0,0,0,621.767441860465,0.0,0.0,0.0,0.0,0.0,0
6,10,4,1,13,5,17,21,0.0,1841,165,0,0,0,1,1,669.4545454545455,0.0,0.0,0.0,0.0,0.0,0
3,19,17,6,10,1,10,11,40.854770700906194,282,31,2,0,0,1,0,545.8064516129032,0.0,0.0,0.0,0.0,0.0,1
5,5,11,6,5,1,11,13,9.812068027059048,912,101,1,0,0,0,0,541.7821782178218,0.0,0.0,0.0,0.0,0.0,0
3,3,7,2,27,5,0,1,19.30036073556368,392,43,2,0,0,0,0,546.9767441860465,0.0,0.0,0.0,0.0,8.700811276889544,1
9,11,12,7,2,4,21,1,13.110413872599564,2720,250,3,0,1,0,0,652.8,0.0,0.0,0.0,0.0,0.0,0
8,10,2,6,7,6,2,3,32.906688197981865,580,63,1,1,0,1,0,552.3809523809524,0.0,0.0,0.0,0.0,0.0,1
8,0,16,1,16,7,19,1,15.890213521753406,2768,313,3,1,0,1,0,530.6070287539936,0.0,0.0,0.0,0.0,0.0,1
9,10,1,6,12,6,13,14,19.246558828534504,284,45,2,1,0,1,0,378.6666666666667,0.0,0.0,0.0,0.0,0.0,1
0,19,15,11,4,4,20,0,16.21155382280095,1768,180,0,0,1,1,1,589.3333333333334,0.0,0.0,0.0,0.0,0.0,1
4,2,4,8,7,2,1,3,20.51446066449219,1252,123,0,0,1,0,1,610.7317073170732,0.0,0.0,0.0,0.0,0.0,1
2,11,1,2,5,3,2,5,2.4629870813333614,1350,150,0,0,0,0,0,540.0,0.0,0.0,0.0,0.0,0.0,0
6,0,13,3,18,4,1,2,0.0,190,30,2,0,0,1,0,380.0,0.0,0.0,0.0,0.0,0.0,0
6,15,2,9,17,6,22,1,9.044592173502933,1278,124,0,1,0,1,0,618.3870967741935,0.0,0.0,6.934305380842234,0.0,0.0,1
5,14,18,2,23,1,14,17,2.4894463645663736,1682,185,0,0,0,0,0,545.5135135135134,0.0,0.0,0.0,0.0,0.0,0
4,18,9,9,16,5,2,7,0.0,2048,217,3,0,0,0,0,566.2672811059908,0.0,0.0,0.0,0.0,0.0,0
1,3,1,11,13,4,12,14,12.23979882935494,1390,131,0,0,1,0,0,636.6412213740458,0.0,0.0,0.0,0.0,0.0,0
4,13,7,5,26,6,15,19,26.786137389291877,1757,172,0,1,0,0,0,612.9069767441861,0.0,0.0,0.0,0.0,0.0,1
9,5,1,6,15,1,7,8,4.156928690951502,971,80,1,0,0,0,0,728.25,0.0,0.0,0.0,0.0,0.0,0
5,19,13,4,8,5,20,22,37.84293825586599,744,44,1,0,0,1,0,1014.5454545454546,0.0,0.0,0.0,0.0,0.0,1
7,3,14,6,28,7,8,9,0.0,377,38,2,1,0,0,0,595.2631578947369,0.0,0.0,0.0,0.0,0.0,0
9,17,3,12,2,1,2,6,19.6328543300677,1839,166,0,0,1,0,0,664.6987951807229,0.0,0.0,0.0,0.0,0.0,1
1,16,5,3,19,5,9,14,19.466094920456623,2419,265,3,0,0,0,0,547.6981132075472,0.0,0.0,0.0,0.0,0.0,1
0,12,19,11,18,3,5,5,16.547931911326632,191,30,2,0,1,0,1,382.0,0.0,0.370979120543117,0.0,0.0,0.0,1
8,14,4,4,3,5,17,20,29.812810278673325,1537,158,0,0,0,0,1,583.6708860759494,0.0,0.0,1.5610431850627349,0.0,0.0,1
4,13,9,11,9,2,17,22,4.665986318854176,2632,279,3,0,1,0,0,566.0215053763441,0.0,0.0,0.0,0.0,0.0,0
6,9,9,7,16,2,16,20,14.583498076218367,2540,253,3,0,1,0,0,602.3715415019763,0.0,0.0,0.0,0.0,0.0,0
3,18,5,10,19,7,15,16,2.4005192063999266,162,30,2,1,0,0,0,324.0,0.0,0.0,0.0,0.0,0.0,0
3,2,5,10,27,2,22,3,6.3160439350039725,2132,242,3,0,0,0,0,528.595041322314,0.0,0.0,0.0,0.0,0.0,0
8,14,1,6,15,6,9,10,8.33772316700297,537,45,1,1,0,0,0,716.0,0.0,0.0,0.0,0.0,0.0,0
2,5,11,10,28,5,17,18,25.04666271946861,221,30,2,0,0,0,0,442.0,0.0,0.0,0.0,0.0,0.0,1
4,4,4,4,5,2,7,10,24.361863803089364,972,92,1,0,0,1,1,633.9130434782609,0.0,0.0,0.0,0.0,0.0,1
6,4,3,5,5,4,3,7,0.0,2134,230,3,0,0,1,0,556.695652173913,0.0,0.0,0.0,15.260333437996284,0.0529343476743449,1
3,14,12,3,23,3,1,5,12.077782359182152,1793,167,0,0,0,0,0,644.1916167664671,0.0,0.0,0.0,0.0,0.0,0
2,7,17,8,8,6,7,8,17.54086570397112,348,44,2,1,1,0,0,474.54545454545456,0.0,0.0,0.0,0.0,0.0,1
3,18,14,11,2,2,16,19,17.454624923556363,1083,121,0,0,1,0,0,537.0247933884298,0.0,0.0,0.0,0.0,0.0,1
4,17,11,10,4,2,14,17,1.0470736888365764,1396,96,0,0,0,0,0,872.5,0.0,0.0,0.0,0.0,0.0,0
7,18,6,7,1,4,23,0,0.0,670,64,1,0,1,0,0,628.125,0.0,0.0,0.0,0.0,0.0,0
4,2,6,6,21,7,10,12,34.784582462666094,588,84,1,1,0,0,0,420.0,0.0,0.0,0.0,0.0,0.0,1
1,6,3,3,20,7,4,5,4.650804397766799,346,44,2,1,0,0,0,471.81818181818187,0.0,0.0,0.0,0.0,0.0,0
8,2,17,11,7,6,1,5,8.390476644218918,1600,192,0,1,1,0,0,500.0,0.0,0.0,0.0,0.0,0.0,0
4,4,6,9,7,7,11,14,18.08715014118972,1710,172,0,1,0,1,0,596.5116279069767,0.0,0.0,0.0,0.0,0.0,1
7,17,8,12,15,7,20,0,7.844193106319191,2038,187,3,1,1,0,1,653.903743315508,0.0,0.0,0.0,0.0,0.0,0
2,16,5,11,6,2,1,3,46.52320800085797,1057,79,0,0,1,0,0,802.7848101265823,0.0,0.0,0.0,0.0,0.0,1
8,16,9,2,9,7,11,14,15.489068659853558,890,97,1,1,0,0,0,550.5154639175257,0.0,0.0,0.0,0.0,0.0,1
4,13,15,9,15,4,21,23,0.0,155,30,2,0,0,0,1,310.0,0.0,0.0,12.215098613912009,0.0,0.0,0
5,7,6,8,23,1,9,14,21.551498820455407,2241,242,3,0,1,0,0,555.6198347107438,7.74686952380293,0.0,0.0,0.0,0.0,1
9,4,7,3,11,2,17,22,23.046624303365054,2676,284,3,0,0,1,0,565.3521126760563,0.0,0.0,0.0,0.0,0.0,1
0,11,0,11,6,5,5,8,23.20507575425732,1599,138,0,0,1,0,1,695.2173913043479,0.0,0.0,0.0,0.0,0.0,1
2,19,9,6,14,7,14,20,38.47795534270848,2815,264,3,1,0,1,0,639.7727272727273,0.0,0.0,0.0,0.0,0.0,1
4,1,0,6,17,7,22,1,13.347191328737187,1447,172,0,1,0,0,1,504.7674418604651,0.0,0.0,0.0,0.0,0.0,0
4,1,12,9,8,1,7,12,32.62811200718751,2747,277,3,0,0,0,0,595.0180505415163,0.0,0.0,0.0,0.0,0.0,1
8,13,9,3,6,6,0,2,6.516754776157072,683,30,1,1,0,0,0,1366.0,0.0,0.0,0.0,0.0,0.0,0
7,8,17,6,17,1,19,1,20.47234731272421,2989,311,3,0,0,1,0,576.6559485530546,0.0,0.0,0.0,0.0,0.0,1
7,13,6,11,28,1,2,4,0.0,925,111,1,0,1,0,0,500.0,0.0,0.0,0.0,0.0,0.0,0
1,4,11,9,14,7,17,18,6.941743070169949,884,97,1,1,0,1,0,546.8041237113401,0.0,0.0,0.0,0.0,13.749381354881953,1
0,15,9,7,18,3,10,12,9.507674562376904,960,103,1,0,1,1,0,559.2233009708738,0.0,0.0,0.0,0.0,0.0,0
6,17,12,6,4,3,13,17,21.59641047069681,1933,181,0,0,0,0,0,640.7734806629834,0.0,0.0,0.0,0.0,0.0,1
2,2,8,5,4,4,21,3,23.868633277483948,2990,327,3,0,0,0,1,548.6238532110092,0.0,0.0,0.0,0.0,0.0,1
3,12,2,8,5,5,1,1,0.0,162,47,2,0,1,0,0,206.80851063829786,18.924806898590653,0.0,0.0,0.0,0.0,1
3,13,13,11,22,3,19,21,0.0,491,60,2,0,1,0,0,491.0,0.0,0.0,0.0,0.0,0.0,0
6,4,17,10,13,3,0,1,20.28153361018525,237,30,2,0,0,1,0,474.0,1.4376671519044026,0.0,0.0,0.0,0.0,1
8,8,6,3,11,2,6,10,9.6581232291464,2129,197,3,0,0,1,0,648.4263959390863,0.8632903862642758,0.0,0.0,0.0,0.0,0
8,19,2,12,5,3,13,14,9.45036089864797,374,49,2,0,1,1,0,457.9591836734694,10.702346796794172,0.0,0.0,0.0,0.0,1
0,9,17,6,13,1,21,22,10.954117554481988,563,70,1,0,0,0,0,482.57142857142856,0.0,0.0,0.0,0.0,0.0,0
1,9,14,7,6,2,15,15,14.861729729613394,366,34,2,0,1,0,0,645.8823529411765,0.0,0.0,0.0,0.0,0.0,0
4,5,18,1,19,5,4,8,0.0,1930,223,0,0,0,0,0,519.2825112107623,0.0,0.0,0.0,0.0,0.0,0
6,1,18,10,10,4,17,22,36.10519146759916,2770,250,3,0,0,0,0,664.8,0.0,0.0,0.0,16.910018286729585,0.0,1
5,7,17,12,5,6,17,21,17.538734983908082,2226,231,3,1,1,0,0,578.1818181818181,0.0,0.0,0.0,0.0,0.0,1
8,11,8,6,15,5,1,2,10.829285563592183,688,85,1,0,0,0,1,485.6470588235294,0.0,0.0,0.0,0.0,0.0,0
5,8,2,1,19,6,1,2,17.422524171856114,1195,105,0,1,0,1,0,682.8571428571429,9.97971788986426,0.0,0.0,0.0,28.69691554767856,1
4,19,10,8,5,1,13,14,38.54249677433703,353,50,2,0,1,1,1,423.59999999999997,0.0,0.0,0.0,0.0,0.0,1
8,14,7,11,22,1,17,19,0.0,1118,94,0,0,1,0,0,713.6170212765958,2.2646146197784907,0.0,0.0,0.0,0.0,0
4,3,3,10,23,7,2,6,0.0,1494,150,0,1,0,0,0,597.6,0.0,0.0,0.0,0.0,0.0,0
6,2,6,1,21,6,13,17,7.486788146961904,2040,223,3,1,0,0,0,548.8789237668161,0.0,0.0,0.0,0.0,0.0,0
1,2,14,2,27,3,14,17,35.35550583154737,1755,169,0,0,0,0,0,623.076923076923,0.0,0.0,0.0,0.0,0.0,1
7,18,0,10,22,4,8,10,4.753290442443654,1350,141,0,0,0,0,1,574.468085106383,0.0,0.0,0.0,0.0,29.870370983950483,1
0,7,6,10,14,2,22,23,37.62192641125202,148,51,2,0,0,0,0,174.11764705882354,0.0,0.0,0.0,0.0,0.0,1
7,6,18,10,13,2,18,22,3.0727720568778665,2242,211,3,0,0,0,0,637.5355450236967,0.0,0.0,0.0,0.0,0.0,0
8,6,14,10,15,5,6,11,0.0,2359,240,3,0,0,0,0,589.75,0.0,0.0,0.0,0.0,0.0,0
8,16,9,9,8,1,15,20,1.3223580308688412,2907,309,3,0,0,0,0,564.4660194174756,0.0,0.0,0.0,0.0,0.0,0
5,12,3,1,22,3,12,13,22.2062045116284,271,30,2,0,0,0,0,542.0,0.0,0.0,0.0,0.0,0.0,1
2,3,19,2,27,3,5,10,0.0,2552,245,3,0,0,0,1,624.9795918367347,0.0,0.0,0.0,0.0,0.0,0
3,6,2,11,2,5,11,14,18.263887498935816,1646,153,0,0,1,0,0,645.4901960784314,0.0,0.0,0.0,0.0,0.0,1
6,16,4,11,4,6,13,15,4.825576308145132,1083,79,0,1,1,0,1,822.5316455696203,0.0,0.0,0.0,0.0,0.0,0
1,5,4,9,10,7,14,15,0.0,109,30,2,1,0,0,1,218.0,0.0,0.0,0.0,0.0,0.0,0
4,14,1,6,10,2,8,13,22.538182885779804,2392,253,3,0,0,0,0,567.2727272727273,0.0,0.0,0.0,0.0,0.0,1
9,9,13,5,9,7,22,0,39.97610920523306,1470,134,0,1,0,0,0,658.2089552238806,0.0,0.0,0.0,0.0,0.0,1
3,4,7,1,8,6,21,2,0.0,2870,293,3,1,0,1,0,587.7133105802047,0.0,0.0,0.0,0.0,0.0,0
4,13,11,1,10,7,0,3,24.299487450625413,1742,156,0,1,0,0,0,670.0,0.0,0.0,0.0,0.0,0.0,1
8,10,2,12,24,4,12,16,29.14384691217243,1975,188,0,0,1,1,0,630.3191489361702,0.0,0.0,0.0,0.0,0.0,1
1,2,18,10,17,2,13,17,39.29785134322381,1478,194,0,0,0,0,0,457.11340206185565,0.0,0.0,0.0,0.0,0.0,1
4,9,0,4,28,4,23,3,5.216885976513554,2503,251,3,0,0,0,1,598.3266932270916,0.0,0.0,0.0,0.0,0.0,0
4,17,11,3,12,4,3,9,31.95275136013145,2800,269,3,0,0,0,0,624.5353159851301,0.0,0.0,0.0,0.0,0.0,1
4,14,14,5,23,2,9,11,9.0713019284833,958,116,1,0,0,0,0,495.51724137931035,0.0,0.0,0.0,0.0,0.0,0
4,7,5,4,24,6,11,13,0.0,1453,141,0,1,0,0,0,618.2978723404256,0.0,0.0,0.0,0.0,0.0,0
2,3,18,12,11,4,7,8,15.726378134750018,994,93,1,0,1,0,0,641.2903225806451,0.0,0.0,0.0,0.0,0.0,1
1,4,9,10,7,6,2,3,0.0,885,86,1,1,0,1,0,617.4418604651163,0.0,0.0,0.0,0.0,0.0,0
5,8,11,10,8,2,2,6,25.081693061470304,1515,202,0,0,0,1,0,450.0,0.0,0.0,0.0,0.0,0.0,1
0,14,6,1,23,2,16,17,0.0,811,88,1,0,0,0,0,552.9545454545455,0.0,0.0,0.0,0.0,15.083048059968116,1
6,19,4,1,23,4,3,5,7.094440798739942,609,73,1,0,0,1,1,500.5479452054795,0.0,0.0,0.0,0.0,0.0,0
1,14,13,11,11,1,17,22,35.61610669982821,2811,301,3,0,1,0,0,560.3322259136213,0.0,0.0,0.0,0.0,0.0,1
6,6,14,2,25,4,1,5,6.132271479938229,2688,259,3,0,0,0,0,622.7027027027027,0.0,0.0,0.0,0.0,0.0,0
1,5,19,4,23,7,23,1,8.48119831791522,956,102,1,1,0,0,1,562.3529411764706,0.0,0.0,0.0,0.0,0.0,0
5,13,3,6,10,1,13,14,0.0,624,87,1,0,0,0,0,430.3448275862069,0.0,0.0,0.0,0.0,0.0,0
6,10,9,6,3,3,6,7,0.0,1097,76,0,0,0,1,0,866.0526315789474,3.843148315653711,51.31325301608975,0.0,0.0,0.0,1
5,17,5,4,5,3,6,11,0.0,2885,277,3,0,0,0,0,624.9097472924188,0.0,0.0,0.0,0.0,0.0,0
0,13,12,2,10,5,6,7,3.779234865301824,991,79,1,0,0,0,0,752.6582278481013,0.0,0.0,0.0,0.0,0.0,0
8,18,6,2,2,2,11,13,16.00159380612513,1375,122,0,0,0,0,0,676.2295081967213,0.0,0.0,0.0,0.0,0.0,1
3,15,10,12,6,3,2,5,31.980780268741675,1227,162,0,0,1,1,1,454.4444444444444,0.0,0.0,0.0,0.0,0.0,1
8,6,15,11,18,4,3,7,27.24965646477894,2057,198,3,0,1,0,1,623.3333333333334,0.0,0.0,0.0,0.0,0.0,1
1,16,14,3,21,1,18,23,8.382664452488285,2462,220,3,0,0,0,0,671.4545454545455,0.0,0.0,0.0,0.0,0.0,0
0,2,18,10,16,5,10,11,37.1381512676579,112,30,2,0,0,0,0,224.0,0.0,0.0,0.0,0.0,0.0,1
7,8,5,8,25,3,0,3,0.0,1600,196,0,0,1,1,0,489.7959183673469,0.0,0.0,0.0,0.0,5.853513137827456,0
4,18,6,1,23,3,19,23,7.969231428395293,2831,287,3,0,0,0,0,591.8466898954704,0.0,0.0,0.0,0.0,0.0,0
1,2,8,1,2,3,8,12,23.40059357090169,2007,195,3,0,0,0,1,617.5384615384615,0.0,0.0,0.0,0.0,0.0,1
5,7,15,5,20,5,16,16,13.745460567530111,532,44,1,0,0,0,1,725.4545454545455,0.0,0.0,0.0,0.0,0.0,0
7,17,6,8,17,5,20,1,19.22460544506129,2884,299,3,0,1,0,0,578.7290969899666,0.0,0.0,0.0,0.0,0.0,1
3,2,13,7,3,2,19,23,23.382740779655368,2045,197,3,0,1,0,0,622.8426395939086,0.0,0.0,0.0,0.0,0.0,1
1,1,3,7,24,1,20,0,4.955281139408931,2647,230,3,0,1,0,0,690.5217391304348,0.0,0.0,0.0,0.0,0.0,0
9,11,1,1,7,4,15,19,35.315973840206546,2610,240,3,0,0,0,0,652.5,0.0,0.0,0.0,0.0,2.1730275633100007,1
2,16,1,8,7,7,14,17,0.0,1191,109,0,1,1,0,0,655.5963302752293,13.332612466287546,0.0,0.0,0.0,0.0,0
6,5,7,12,23,3,0,2,0.0,912,82,1,0,1,0,0,667.3170731707316,0.0,0.0,0.0,0.0,0.0,0
1,8,12,4,6,6,17,22,27.963188029363447,2028,223,3,1,0,1,0,545.6502242152466,0.0,0.0,0.0,0.0,0.0,1
8,14,17,10,7,3,16,19,20.303623530204487,1950,214,0,0,0,0,0,546.7289719626168,0.0,0.0,0.0,0.0,0.0,1
9,7,4,11,1,7,10,11,10.183164044664425,670,44,1,1,1,0,1,913.6363636363637,0.0,0.0,0.0,0.0,0.0,0
6,11,0,8,13,2,13,16,4.915363728313815,1078,153,0,0,1,0,1,422.7450980392157,0.0,0.0,0.0,0.0,0.0,0
5,9,16,4,6,3,9,13,12.053802598602388,1827,190,0,0,0,0,0,576.9473684210527,0.0,0.0,0.0,0.0,0.0,0
2,11,3,12,17,5,19,19,30.57598017545753,477,30,2,0,1,0,0,954.0,0.0,0.0,0.0,0.0,0.0,1
7,0,13,8,8,1,23,2,3.0341634495897383,1679,168,0,0,1,1,0,599.6428571428572,0.0,0.0,0.0,0.0,0.0,0
5,10,14,10,24,1,9,11,24.701966088094107,514,50,1,0,0,1,0,616.8,14.899081274032437,0.0,0.0,0.0,0.0,1
7,1,17,1,14,3,6,10,22.039275850151427,1813,180,0,0,0,0,0,604.3333333333334,0.0,19.900300684052617,0.0,0.0,0.0,1
0,8,17,2,21,5,19,22,6.9780883165331815,2228,210,3,0,0,1,0,636.5714285714286,0.0,0.0,0.0,0.0,0.0,0
0,0,17,9,8,1,0,4,25.362887265865567,2120,214,3,0,0,1,0,594.3925233644859,0.0,0.0,0.0,0.0,0.0,1
6,15,19,4,24,4,13,14,0.0,584,30,1,0,0,1,1,1168.0,0.0,0.0,0.0,0.0,0.0,0
4,18,12,11,4,7,7,7,0.1468579082767078,233,30,2,1,1,0,0,466.0,0.0,0.0,0.0,0.0,0.0,0
1,9,10,12,11,1,21,23,0.0,1172,137,0,0,1,0,1,513.2846715328467,0.0,0.0,0.0,0.0,0.0,0
1,14,14,9,17,2,10,14,0.0,1915,207,0,0,0,0,0,555.0724637681159,0.0,0.0,1.3262802581027675,0.0,0.0,0
1,10,13,10,10,1,4,6,0.0,398,57,2,0,0,1,0,418.94736842105266,0.0,0.0,0.0,0.0,0.0,0
2,17,3,1,22,7,13,16,0.0,1968,170,0,1,0,0,0,694.5882352941176,0.0,0.0,0.0,0.0,0.0,0
1,7,11,12,17,6,6,10,0.4638557874810392,2052,230,3,1,1,0,0,535.3043478260869,0.0,0.0,0.0,0.0,0.0,0
2,9,12,10,16,7,21,23,4.710915294837431,1162,98,0,1,0,0,0,711.4285714285714,0.0,0.0,0.0,0.0,0.0,0
2,3,16,9,15,1,11,15,20.49851853616634,2651,240,3,0,0,0,0,662.75,0.0,0.0,0.0,0.0,0.0,1
5,12,16,3,6,4,3,5,3.460418375038161,1394,120,0,0,0,0,0,697.0,0.0,0.0,0.0,0.0,0.0,0
9,10,11,5,28,3,0,2,10.636066028469912,1320,131,0,0,0,1,0,604.5801526717557,0.0,0.0,0.0,0.0,0.0,0
8,13,13,3,25,2,11,16,3.0442881475509864,2450,256,3,0,0,0,0,574.21875,0.0,0.0,0.0,0.0,0.0,0
3,11,1,2,11,7,2,3,17.73375087592313,1260,101,0,1,0,0,0,748.5148514851485,0.0,0.0,0.0,0.0,0.0,1
3,16,16,1,4,1,2,5,16.069360172842455,2174,208,3,0,0,0,0,627.1153846153846,0.0,0.0,0.0,0.0,0.0,1
0,17,13,4,19,1,18,18,26.325771952314312,425,51,2,0,0,0,0,500.0,1.5354803568230784,0.0,0.0,0.0,0.0,1
0,14,13,4,2,1,7,11,29.60088284463098,2496,226,3,0,0,0,0,662.6548672566372,0.0,0.0,0.0,0.0,0.0,1
6,11,19,5,19,7,21,22,0.0,677,56,1,1,0,0,1,725.3571428571429,0.0,0.0,13.60488247695671,0.0,0.0,0
3,13,12,3,2,4,22,0,20.40017521568116,1456,161,0,0,0,0,0,542.608695652174,13.65563255389722,0.0,0.0,0.0,0.0,1
8,0,10,11,25,5,8,12,4.30094715779539,1984,212,0,0,1,1,1,561.5094339622642,0.0,0.0,0.0,0.0,0.0,0
6,3,6,5,2,3,22,2,7.233719000153547,2581,233,3,0,0,0,0,664.6351931330472,0.0,0.0,0.0,0.0,0.0,0
2,5,8,11,14,4,14,20,19.531672929537432,2787,270,3,0,1,0,1,619.3333333333334,0.0,0.0,0.0,0.0,0.0,1
9,2,5,9,6,5,16,19,16.22955970045876,726,98,1,0,0,0,0,444.48979591836735,0.0,0.0,0.0,0.0,0.0,1
4,10,1,12,18,1,13,14,9.913174158184251,990,94,1,0,1,1,0,631.9148936170213,0.0,0.0,0.0,0.0,0.0,0
0,15,0,12,5,1,13,18,0.0,2427,252,3,0,1,1,1,577.8571428571428,16.914645494493175,0.0,0.0,0.0,0.0,1
6,17,7,9,18,3,2,4,0.0,651,88,1,0,0,0,0,443.8636363636364,0.0,0.0,0.0,0.0,0.0,0
0,10,9,3,28,6,1,3,0.0,1095,99,0,1,0,1,0,663.6363636363636,0.0,19.73237442488265,5.276117967629835,0.0,0.0,1
3,7,4,2,11,4,14,14,0.0,411,32,2,0,0,0,1,770.625,0.0,0.0,0.0,0.0,26.366505445732717,1
4,16,1,7,7,1,3,4,25.2301894060292,714,85,1,0,1,0,0,504.0,0.0,0.0,0.0,0.0,0.0,1
0,3,19,12,1,4,18,22,0.0,2268,225,3,0,1,0,1,604.8,0.0,0.0,0.0,0.0,0.0,0
2,5,19,9,19,6,9,14,37.39314297338977,2700,278,3,1,0,0,1,582.7338129496402,0.0,0.0,0.0,0.0,0.0,1
3,1,13,3,27,6,12,13,9.03348277115877,215,30,2,1,0,0,0,430.0,0.0,0.0,0.0,0.0,0.0,0
3,16,18,11,18,7,18,0,0.0,2921,273,3,1,1,0,0,641.978021978022,0.0,0.0,0.0,0.0,0.0,0
0,2,14,2,26,5,13,17,21.02630266329755,2285,213,3,0,0,0,0,643.661971830986,0.0,0.0,0.0,0.0,0.0,1
0,10,17,3,24,2,23,1,2.469939202422311,932,93,1,0,0,1,0,601.2903225806451,0.0,0.0,0.0,0.0,0.0,0
8,2,15,6,27,4,0,5,21.5125093953831,2736,256,3,0,0,0,1,641.25,0.0,16.019683259757553,0.0,0.0,0.0,1
5,17,16,10,17,5,20,2,0.744419499616555,2694,292,3,0,0,0,0,553.5616438356165,0.0,0.0,0.0,0.0,0.0,0
4,19,12,4,24,5,11,15,8.464610027943548,2474,261,3,0,0,1,0,568.7356321839081,0.0,0.0,0.0,0.0,0.0,0
2,12,12,1,14,2,21,22,28.47775854232731,401,59,2,0,0,0,0,407.79661016949154,0.0,0.0,0.0,0.0,0.0,1
7,16,15,11,1,2,23,4,14.03006318496591,2757,273,3,0,1,0,1,605.934065934066,0.0,0.0,0.0,0.0,0.0,0
5,17,9,1,8,7,8,10,6.432527176854553,598,72,1,1,0,0,0,498.33333333333337,0.0,0.0,0.0,0.0,0.0,0
7,2,5,6,25,2,15,19,27.6746677698921,2180,227,3,0,0,0,0,576.2114537444934,0.0,0.0,0.0,0.0,0.0,1
9,6,0,2,27,2,17,22,0.0,2619,276,3,0,0,0,1,569.3478260869566,18.08495269753751,0.0,0.0,0.0,0.0,1
0,15,15,12,10,4,13,17,0.0,2704,273,3,0,1,1,1,594.2857142857143,0.0,0.0,0.0,0.0,0.0,0
0,8,3,1,10,4,14,19,11.441460781444064,2749,255,3,0,0,1,0,646.8235294117648,0.0,0.0,0.0,0.0,0.0,0
4,2,8,4,2,2,12,16,15.332353974153918,2379,219,3,0,0,0,1,651.7808219178082,0.0,0.0,0.0,0.0,0.0,1
5,5,16,8,3,3,18,22,0.0,2708,253,3,0,1,0,0,642.2134387351779,0.0,0.0,11.553802191010702,0.0,0.0,0
8,13,1,5,24,3,3,4,5.137922360144727,335,67,2,0,0,0,0,300.0,0.0,0.0,14.554159826651867,0.0,0.0,1
0,15,3,7,11,7,22,23,0.0,728,73,1,1,1,1,0,598.3561643835617,0.0,0.0,0.0,0.0,0.0,0
0,16,19,2,18,4,6,6,17.02251903752341,148,30,2,0,0,0,1,296.0,0.0,0.0,0.0,0.0,0.0,1
0,11,5,2,24,2,1,5,0.0,2034,202,3,0,0,0,0,604.1584158415842,0.0,0.0,0.0,0.0,0.0,0
8,10,2,6,14,5,17,18,0.8052778979346229,266,30,2,0,0,1,0,532.0,0.0,0.0,0.0,0.0,0.0,0
9,17,16,3,10,5,9,10,25.32547133387501,226,30,2,0,0,0,0,452.0,0.0,0.0,0.0,0.0,0.0,1
0,7,15,4,7,4,3,5,9.292519635931631,1126,108,0,0,0,0,1,625.5555555555555,0.0,0.0,0.0,0.0,0.0,0
6,2,14,7,9,5,8,10,25.643979253403582,735,112,1,0,1,0,0,393.75,0.0,0.0,0.0,0.0,0.0,1
4,11,16,4,3,5,12,17,7.575039238889929,2693,283,3,0,0,0,0,570.9540636042402,0.0,0.0,0.0,0.0,0.0,0
4,19,4,1,16,5,22,23,22.330723385635697,856,73,1,0,0,1,1,703.5616438356165,0.0,0.0,0.0,0.0,0.0,1
1,3,16,7,17,4,14,19,0.0,2545,264,3,0,1,0,0,578.4090909090909,0.0,0.0,0.0,0.0,0.0,0
4,18,11,9,9,7,0,4,19.70805624392733,2046,218,3,1,0,0,0,563.1192660550458,0.0,0.0,0.0,0.0,0.0,1
2,5,12,5,12,7,18,22,0.0,2675,263,3,1,0,0,0,610.2661596958175,0.0,0.0,0.0,0.0,0.0,0
5,15,9,12,28,5,2,6,23.665418342442685,2149,201,3,0,1,1,0,641.4925373134328,0.0,0.0,0.0,0.0,4.902314896019398,1
9,11,6,6,5,5,6,8,0.0,1305,114,0,0,0,0,0,686.8421052631579,0.0,0.0,0.0,0.0,0.0,0
3,16,14,3,3,3,4,9,0.0,2671,293,3,0,0,0,0,546.962457337884,0.0,0.0,0.0,0.0,0.0,0
9,0,0,11,6,7,11,15,7.464789238549608,1362,164,0,1,1,1,1,498.29268292682923,0.0,30.5991740391398,0.0,0.0,0.0,1
5,9,16,10,2,7,22,23,0.0,405,64,2,1,0,0,0,379.6875,0.0,0.0,0.0,0.0,0.0,0
6,6,13,10,28,6,16,20,4.99235237983984,2087,213,3,1,0,0,0,587.887323943662,0.0,0.0,0.0,0.0,0.0,0
5,5,2,3,12,2,1,5,2.681282033228067,2214,217,3,0,0,0,0,612.1658986175115,0.0,0.0,0.0,0.0,0.0,0
6,5,9,5,15,6,3,5,7.576690960429284,714,83,1,1,0,0,0,516.1445783132531,24.896363282341248,0.0,0.0,0.0,25.901275504755475,1
3,1,7,5,3,6,15,17,16.119055303867572,1275,117,0,1,0,0,0,653.8461538461538,0.0,0.0,0.0,0.0,0.0,1
6,4,13,8,24,1,0,3,0.0,1943,197,0,0,1,1,0,591.7766497461929,0.0,0.0,2.713164911244404,0.0,0.0,0
3,11,5,7,23,4,5,10,25.04625378507042,2673,231,3,0,1,0,0,694.2857142857142,0.0,0.0,0.0,0.0,0.0,1
8,19,15,4,24,5,23,0,14.98754176293803,941,52,1,0,0,1,1,1085.7692307692307,0.0,0.0,0.0,0.0,0.0,0
7,2,18,6,20,5,5,6,0.0,306,30,2,0,0,0,0,612.0,0.0,0.0,0.0,0.0,0.0,0
5,11,13,1,9,4,20,22,17.26464383247894,680,81,1,0,0,0,0,503.7037037037037,0.0,0.0,0.0,0.0,0.0,1
2,0,10,4,21,2,2,3,33.16108070703683,777,84,1,0,0,1,1,555.0,0.0,0.0,0.0,0.0,0.0,1
3,1,15,4,13,7,17,20,22.94042057070676,2065,198,3,1,0,0,1,625.7575757575758,0.0,0.0,0.4644685944374345,0.0,0.0,1
0,3,18,11,11,6,19,21,12.581993269294868,897,122,1,1,1,0,0,441.1475409836066,0.0,0.0,0.0,0.0,0.0,0
2,4,14,9,4,1,14,17,15.938721428857058,1653,175,0,0,0,1,0,566.7428571428571,0.0,0.0,0.0,0.0,0.0,1
5,17,3,3,14,1,4,6,0.0,856,84,1,0,0,0,0,611.4285714285714,0.0,0.0,0.0,0.0,0.0,0
9,1,15,9,15,6,9,10,12.74452361840516,313,57,2,1,0,0,1,329.47368421052636,0.0,0.0,0.0,0.0,0.0,0
8,17,10,7,2,6,22,23,32.224086651593126,354,38,2,1,1,0,1,558.9473684210526,0.0,0.0,0.0,0.0,0.0,1
4,15,13,10,3,4,15,20,2.33813555280899,2838,295,3,0,0,1,0,577.2203389830509,0.0,0.0,0.0,0.0,0.0,0
4,19,2,3,17,6,9,10,0.0,440,53,2,1,0,1,0,498.11320754716985,7.2553973346110014,0.0,0.0,0.0,0.0,0
3,8,19,8,19,2,18,21,28.19591511645194,1939,218,0,0,1,1,1,533.6697247706422,0.0,0.0,0.0,0.0,0.0,1
1,18,8,10,22,3,12,14,1.500518423057148,1278,116,0,0,0,0,1,661.0344827586207,0.0,0.0,0.0,0.0,0.0,0
9,6,12,10,11,2,17,21,4.057760662053764,2643,266,3,0,0,0,0,596.1654135338346,0.0,0.0,0.0,0.0,0.0,0
9,14,0,10,11,2,1,3,2.4083451058046066,1000,65,1,0,0,0,1,923.0769230769231,0.0,0.0,0.0,0.0,0.0,0
2,2,14,9,19,2,13,15,32.40205798507879,1133,133,0,0,0,0,0,511.12781954887214,0.0,0.0,0.0,0.0,0.0,1
4,2,3,7,24,5,17,20,0.0,1518,169,0,0,1,0,0,538.9349112426036,0.0,0.0,0.0,0.0,0.0,0
0,12,11,3,26,4,1,3,21.719969078089235,680,56,1,0,0,0,0,728.5714285714286,0.0,0.0,0.0,0.0,0.0,1
2,10,3,9,10,1,13,17,0.0,2629,258,3,0,0,1,0,611.3953488372093,4.791161610567175,21.609685005569872,0.0,0.0,0.0,1
6,18,18,12,18,6,13,18,6.384788772206979,2071,242,3,1,1,0,0,513.4710743801653,0.0,0.0,0.0,0.0,0.0,0
4,9,16,4,17,7,2,6,11.109670628564867,1759,182,0,1,0,0,0,579.8901098901099,0.0,0.0,0.0,0.0,0.0,0
3,6,18,5,24,5,17,19,23.92130950854897,852,73,1,0,0,0,0,700.2739726027398,17.776070817009362,0.0,0.0,0.0,0.0,1
5,8,9,1,28,5,6,9,21.23656639081964,1247,111,0,0,0,1,0,674.0540540540541,0.0,0.0,0.0,0.0,0.0,1
5,12,10,7,4,1,6,7,0.0,826,98,1,0,1,0,1,505.7142857142857,0.0,0.0,0.0,0.0,0.0,0
8,8,17,5,9,1,17,21,18.01320486678837,2006,214,3,0,0,1,0,562.4299065420561,0.0,0.0,0.0,0.0,0.0,1
7,18,2,9,18,2,19,0,0.0,2444,246,3,0,0,0,0,596.0975609756098,0.0,0.0,9.855612547270612,0.0,0.0,0
0,6,12,12,22,1,21,3,14.065520273253432,2802,307,3,0,1,0,0,547.6221498371336,0.0,0.0,0.0,0.0,0.0,0
5,11,2,10,13,1,18,22,18.194629267053383,1985,178,0,0,0,0,0,669.1011235955056,0.0,0.0,0.0,0.0,21.59193202358788,1
6,10,17,10,11,3,15,16,0.607325203283624,272,30,2,0,0,1,0,544.0,0.0,0.0,17.527909548633687,0.0,0.0,1
9,18,9,7,10,7,18,20,6.497802664690327,1365,143,0,1,1,0,0,572.7272727272727,0.0,0.0,0.0,0.0,0.0,0
7,19,2,10,25,2,2,3,27.023803399711827,582,78,1,0,0,1,0,447.6923076923077,0.0,0.0,0.0,0.0,0.0,1
8,14,13,1,20,1,9,12,17.380574675462086,1737,164,0,0,0,0,0,635.4878048780488,0.0,0.0,0.0,0.0,0.0,1
4,2,5,10,5,7,4,6,12.480495603850438,593,34,1,1,0,0,0,1046.4705882352941,0.0,0.0,0.0,0.0,0.0,0
6,0,12,4,27,4,18,23,9.16347564558112,2190,213,3,0,0,1,0,616.9014084507043,0.0,0.0,0.0,0.0,0.0,0
8,4,8,1,26,2,4,7,0.0,1102,114,0,0,0,1,1,580.0,0.0,0.0,0.0,0.0,0.0,0
8,18,9,5,6,6,0,5,0.0,2503,258,3,1,0,0,0,582.0930232558139,0.0,0.0,0.0,0.0,0.0,0
3,10,11,3,10,5,6,8,17.845869740783712,1149,81,0,0,0,1,0,851.1111111111111,0.0,0.0,0.0,0.0,0.0,1
1,15,2,2,20,7,2,7,17.82481592683584,2129,232,3,1,0,1,0,550.6034482758621,0.0,0.0,6.695620721312975,0.0,0.0,1
4,9,11,9,7,7,18,21,19.06798629970868,743,96,1,1,0,0,0,464.375,0.0,0.0,0.0,0.0,0.0,1
3,4,18,7,15,2,15,17,9.259073914664816,1185,116,0,0,1,1,0,612.9310344827586,0.0,0.0,0.0,0.0,0.0,0
1,4,17,7,5,2,7,11,2.1836797582679672,1678,192,0,0,1,1,0,524.375,0.0,0.0,0.0,0.0,0.0,0
4,4,16,7,11,1,7,9,37.09048179130156,1201,111,0,0,1,1,0,649.1891891891892,0.0,0.0,0.0,0.0,0.0,1
8,13,1,12,18,3,23,3,28.90807559721185,2581,251,3,0,1,0,0,616.9721115537848,0.0,0.0,0.0,0.0,0.0,1
6,18,11,12,7,4,3,5,0.0,1113,101,0,0,1,0,0,661.1881188118812,0.0,0.0,0.0,0.0,0.0,0
8,2,7,9,12,4,20,21,19.25765019073045,822,69,1,0,0,0,0,714.7826086956522,0.0,0.0,0.0,0.0,0.0,1
5,4,4,7,14,4,1,2,9.857168301641178,429,53,2,0,1,1,1,485.66037735849056,0.0,0.0,0.0,0.0,0.0,0
5,1,4,7,4,7,18,22,19.063434078443414,2900,258,3,1,1,0,1,674.4186046511628,0.0,0.0,0.0,0.0,0.0,1
2,3,11,2,24,1,0,4,4.0621716840154685,2633,242,3,0,0,0,0,652.8099173553719,0.0,0.0,0.0,0.0,0.0,0
8,7,10,1,15,3,4,6,33.79577714389629,1607,138,0,0,0,0,1,698.6956521739131,0.0,0.0,0.0,0.0,0.0,1
1,18,6,12,4,7,14,19,17.427806207819195,2188,235,3,1,1,0,0,558.6382978723404,0.0,0.0,0.0,0.0,0.0,1
4,15,16,3,15,7,3,4,21.86727329089828,305,30,2,1,0,1,0,610.0,0.0,0.0,0.0,0.0,0.0,1
3,11,3,6,2,6,16,19,0.0,2121,182,3,1,0,0,0,699.2307692307693,0.0,0.0,0.0,0.0,0.0,0
0,16,17,12,11,2,8,9,4.791397632320645,831,63,1,0,1,0,0,791.4285714285714,0.0,0.0,0.0,0.0,0.0,0
6,1,18,3,8,1,19,20,0.0,199,30,2,0,0,0,0,398.0,0.0,0.0,0.0,0.0,0.0,0
1,1,7,3,13,5,6,8,18.240982952211414,826,72,1,0,0,0,0,688.3333333333334,0.0,0.0,0.0,0.0,15.125100543175972,1
8,14,4,8,4,4,6,10,17.069780276036013,1924,220,0,0,1,0,1,524.7272727272727,0.0,0.0,0.0,0.0,0.0,1
7,16,9,2,4,1,15,20,0.0,2712,267,3,0,0,0,0,609.438202247191,18.627533669386096,0.0,0.0,0.0,0.0,1
1,7,18,4,15,6,6,11,12.511298460020122,2626,293,3,1,0,0,0,537.7474402730375,0.0,0.0,0.0,0.0,0.0,0
4,3,18,8,1,3,14,19,14.175826387933,2908,251,3,0,1,0,0,695.1394422310757,0.0,0.0,0.0,0.0,0.0,0
2,5,9,3,27,2,2,3,30.841103434964047,591,30,1,0,0,0,0,1182.0,0.0,0.0,14.06369157662316,0.0,0.0,1
1,17,7,12,26,4,9,12,44.33934544141782,2146,217,3,0,1,0,0,593.3640552995391,0.0,0.0,0.0,43.20936544258768,0.0,1
3,0,11,12,26,2,16,17,8.966601452658557,335,61,2,0,1,1,0,329.5081967213115,0.0,0.0,0.0,0.0,0.0,0
6,12,0,7,19,6,18,23,10.31473816442628,2804,263,3,1,1,0,1,639.6958174904943,0.0,0.0,0.0,0.0,0.0,0
0,13,13,4,5,4,11,16,0.8038586381617723,2739,259,3,0,0,0,0,634.5173745173746,0.0,0.0,0.0,0.0,0.0,0
1,5,7,3,27,6,2,5,20.59549442450139,532,91,1,1,0,0,0,350.7692307692308,0.0,0.0,0.0,0.0,0.0,1
7,15,16,10,13,2,14,16,13.426343507058704,1128,105,0,0,0,1,0,644.5714285714286,0.0,0.0,0.0,0.0,0.0,0
5,12,8,11,1,6,21,0,0.0,2091,206,3,1,1,0,1,609.0291262135922,0.0,0.0,0.0,0.0,0.0,0
5,9,7,7,16,1,22,1,3.730999310861304,1717,191,0,0,1,0,0,539.3717277486911,0.0,0.0,0.0,0.0,0.0,0
2,9,12,4,10,1,13,14,21.86605394323705,352,43,2,0,0,0,0,491.16279069767444,0.0,0.0,0.0,0.0,0.0,1
2,5,8,3,21,6,3,4,0.0,860,73,1,1,0,0,1,706.8493150684932,0.0,0.0,0.0,0.0,0.0,0
2,4,13,1,9,1,1,2,0.0,700,69,1,0,0,1,0,608.6956521739131,0.0,0.0,0.0,0.0,0.0,0
4,15,17,10,5,1,10,12,2.1339336884711173,1139,107,0,0,0,1,0,638.6915887850467,0.0,0.0,0.0,0.0,0.0,0
7,19,3,10,15,2,6,10,11.62034502898694,1969,204,0,0,0,1,0,579.1176470588235,0.0,0.0,15.963367157120407,0.0,0.0,1
6,3,4,12,1,5,16,17,0.0,488,54,2,0,1,0,1,542.2222222222222,0.0,0.0,0.0,0.0,0.0,0
2,8,17,6,5,3,12,16,28.618827690675005,1634,180,0,0,0,1,0,544.6666666666666,0.0,0.0,0.0,0.0,0.0,1
1,16,9,10,25,6,21,22,1.731384874766437,814,59,1,1,0,0,0,827.7966101694916,0.0,0.0,0.0,0.0,0.0,0
3,8,11,7,9,2,11,12,19.92581217843384,303,30,2,0,1,1,0,606.0,0.0,0.0,0.0,0.0,0.0,1
1,7,2,12,8,2,13,14,0.0,624,59,1,0,1,0,0,634.5762711864407,0.0,0.0,0.0,0.0,0.0,0
1,2,6,2,23,6,3,5,7.587041731781218,438,101,2,1,0,0,0,260.1980198019802,0.0,0.0,0.0,0.0,0.0,0
5,2,10,1,3,5,22,3,26.84691780549114,2718,273,3,0,0,0,1,597.3626373626374,0.0,0.0,0.0,0.0,0.0,1
0,12,2,1,2,5,21,22,37.95097542385871,667,73,1,0,0,0,0,548.2191780821918,0.0,0.0,0.0,0.0,0.0,1
7,5,19,7,24,7,8,9,6.61262296209792,439,39,2,1,1,0,1,675.3846153846154,0.2447496138599509,0.0,0.0,0.0,0.0,0
8,19,1,6,10,7,16,16,16.00313663431524,227,30,2,1,0,1,0,454.0,0.0,0.0,0.0,0.0,0.0,1
9,4,2,4,24,6,10,13,0.1722465057256759,1372,150,0,1,0,1,0,548.8,0.0,0.0,0.0,0.0,0.0,0
9,5,3,3,27,7,17,18,13.139973586416597,284,30,2,1,0,0,0,568.0,0.0,0.0,0.0,0.0,0.0,0
3,9,9,7,2,1,1,3,1.0816551521326154,1447,115,0,0,1,0,0,754.9565217391304,8.998673580483413,0.0,0.0,0.0,0.0,0
6,2,9,7,26,5,14,15,7.799067207453524,107,30,2,0,1,0,0,214.0,0.0,0.0,8.778119237507216,0.0,0.0,1
2,7,10,3,13,5,12,18,2.769247510110639,2830,293,3,0,0,0,1,579.5221843003412,0.0,0.0,0.0,0.0,0.0,0
5,4,11,7,2,7,7,10,0.0,2145,197,3,1,1,1,0,653.2994923857868,0.0,0.0,5.831233802232906,0.0,0.0,0
8,4,9,4,25,2,0,4,7.864001067137302,2059,226,3,0,0,1,0,546.637168141593,0.0,0.0,0.0,0.0,0.0,0
9,6,19,7,28,4,20,1,12.30612993034154,2140,238,3,0,1,0,1,539.4957983193277,0.0,0.0,0.0,0.0,0.0,0
3,4,0,9,18,3,17,18,10.495955382263542,344,51,2,0,0,1,1,404.70588235294116,0.0,0.0,0.0,0.0,0.0,0
2,13,19,8,2,6,16,18,0.7573448917095096,973,100,1,1,1,0,1,583.8,0.0,0.0,0.0,0.0,2.834001862278708,0
5,3,6,2,3,6,3,4,8.22354263165766,1002,60,0,1,0,0,0,1002.0,0.0,0.0,14.416383312147524,0.0,0.0,1
7,1,4,3,4,5,3,7,0.0,2324,186,3,0,0,0,1,749.6774193548387,0.0,0.0,0.0,0.0,0.0,0
2,17,0,10,12,1,16,18,25.089555150487325,700,102,1,0,0,0,1,411.7647058823529,0.0,0.0,0.0,0.0,0.0,1
7,7,0,4,6,2,18,20,0.0,840,96,1,0,0,0,1,525.0,0.0,0.0,0.0,0.0,0.0,0
1,12,1,3,22,2,9,10,0.0,147,30,2,0,0,0,0,294.0,14.335233738126096,0.0,0.0,0.0,0.0,0
6,16,0,12,27,5,18,22,0.0,2255,222,3,0,1,0,1,609.4594594594595,0.0,0.0,0.0,0.0,0.0,0
6,11,5,5,28,6,11,15,24.78331888969815,1433,171,0,1,0,0,0,502.8070175438596,0.0,0.0,0.0,0.0,0.0,1
5,9,1,8,14,6,6,8,0.0,124,30,2,1,1,0,0,248.0,0.5926817077232691,0.0,0.0,0.0,0.0,0
0,10,11,4,28,6,2,7,20.23089290414353,2974,302,3,1,0,1,0,590.8609271523179,0.0,0.0,0.0,0.0,0.0,1
8,0,17,1,5,2,18,22,0.0,2053,232,3,0,0,1,0,530.948275862069,0.0,0.0,0.0,0.0,0.0,0
3,6,0,4,24,6,7,11,0.0,2348,203,3,1,0,0,1,693.9901477832512,0.0,21.52466102997797,0.0,0.0,0.0,1
3,3,10,3,23,5,8,12,4.132309535964587,1693,163,0,0,0,0,1,623.1901840490797,0.0,0.0,0.0,0.0,0.0,0
1,9,17,7,23,2,4,7,21.56956879315551,1236,98,0,0,1,0,0,756.7346938775511,0.0,0.0,0.0,0.0,0.0,1
2,5,7,2,3,1,11,15,22.036087308410583,1523,179,0,0,0,0,0,510.50279329608935,0.0,0.0,0.0,0.0,0.0,1
7,14,13,11,11,1,8,9,15.243665650163532,178,34,2,0,1,0,0,314.11764705882354,0.0,0.0,0.0,0.0,0.0,1
6,6,18,8,18,5,22,1,18.732117613816875,1500,145,0,0,1,0,0,620.6896551724138,0.0,0.0,0.0,0.0,0.0,1
6,15,11,8,26,1,1,3,29.50411479751261,325,30,2,0,1,1,0,650.0,0.0,0.0,0.0,0.0,0.0,1
2,15,1,6,2,2,5,8,0.0,2221,222,3,0,0,1,0,600.2702702702702,0.0,0.0,5.025305840019199,0.0,0.0,0
5,14,13,8,24,7,6,9,3.6732313280230455,1094,121,0,1,1,0,0,542.4793388429753,0.0,0.0,0.0,0.0,0.0,0
8,7,17,2,3,4,1,1,14.94749315274549,104,30,2,0,0,0,0,208.0,0.0,0.0,0.0,0.0,0.0,0
8,8,14,8,17,6,19,21,0.0,1659,155,0,1,1,1,0,642.1935483870967,0.0,0.0,0.0,0.0,0.0,0
2,1,8,11,11,2,17,20,22.43650032707008,1071,123,0,0,1,0,1,522.439024390244,0.0,0.0,0.0,0.0,15.901531535936936,1
1,17,9,2,2,4,21,22,25.16042036454617,718,42,1,0,0,0,0,1025.7142857142858,0.0,0.0,1.027105973166368,0.0,0.0,1
6,3,11,4,2,6,12,13,0.0,250,30,2,1,0,0,0,500.0,0.0,0.0,0.0,0.0,0.0,0
1,6,9,5,18,2,4,5,38.53431093078528,166,30,2,0,0,0,0,332.0,0.0,0.0,0.0,0.0,0.0,1
2,11,17,2,28,5,14,19,6.519765346592838,2803,272,3,0,0,0,0,618.3088235294118,0.0,0.0,0.0,0.0,0.0,0
7,6,2,4,20,1,16,19,0.0,1769,176,0,0,0,0,0,603.0681818181819,0.0,0.0,0.0,0.0,0.0,0
0,10,8,5,24,5,22,23,5.849152894754109,759,67,1,0,0,1,1,679.7014925373135,0.0,0.0,0.0,0.0,0.0,0
2,6,0,8,5,6,5,10,0.0,2652,260,3,1,1,0,1,612.0,0.0,0.0,0.0,0.0,0.0,0
8,16,13,7,18,6,23,2,5.8474459741473375,1677,190,0,1,1,0,0,529.578947368421,0.0,0.0,0.0,0.0,0.0,0
3,2,6,5,8,5,10,11,22.533667889531625,196,63,2,0,0,0,0,186.66666666666666,0.0,0.0,0.0,0.0,0.0,1
3,4,13,1,8,3,19,21,26.815544281404243,489,79,2,0,0,1,0,371.39240506329116,0.0,0.0,0.0,0.0,0.0,1
8,7,12,5,3,1,17,22,0.0,2354,232,3,0,0,0,0,608.7931034482758,0.0,0.0,5.238859877057921,0.0,0.0,0
7,17,10,8,5,6,13,14,0.0,621,70,1,1,1,0,1,532.2857142857142,0.0,0.0,0.0,0.0,0.0,0
6,11,11,2,24,3,3,5,2.4945183890003344,1343,108,0,0,0,0,0,746.1111111111111,17.317840609853256,0.0,0.0,0.0,0.0,1
8,1,10,8,12,6,22,1,16.454351355645635,1905,213,0,1,1,0,1,536.6197183098592,0.0,0.0,0.0,0.0,0.0,1
8,14,1,9,18,4,8,10,0.0,1031,85,0,0,0,0,0,727.7647058823529,0.0,0.0,0.0,0.0,0.0,0
4,14,8,5,4,7,22,0,24.57574658813928,1850,161,0,1,0,0,1,689.4409937888199,0.0,0.0,0.0,0.0,0.0,1
2,16,6,5,4,3,9,13,0.0,1953,180,0,0,0,0,0,651.0,0.0,0.0,0.0,0.0,0.0,0
5,17,1,11,23,5,12,15,10.953425186393437,2099,204,3,0,1,0,0,617.3529411764706,0.0,0.0,0.0,0.0,0.0,0
5,18,9,5,3,5,23,3,9.378770438099371,2506,244,3,0,0,0,0,616.2295081967213,0.0,0.0,0.0,0.0,0.0,0
7,11,16,11,8,6,4,8,0.2799395236277355,2668,252,3,1,1,0,0,635.2380952380952,0.0,0.0,0.0,0.0,0.0,0
7,1,0,6,28,2,17,18,2.969255080245465,696,43,1,0,0,0,1,971.1627906976744,0.0,0.0,0.0,0.0,0.0,0
4,8,19,1,24,1,0,0,18.77697943208224,160,30,2,0,0,1,1,320.0,0.0,0.0,0.0,0.0,0.0,1
0,6,10,11,3,4,13,19,2.4718826965751246,2919,268,3,0,1,0,1,653.5074626865671,0.0,0.0,0.0,0.0,0.0,0
2,12,3,5,18,5,14,18,14.100093507937151,2038,205,3,0,0,0,0,596.4878048780488,0.0,0.0,0.0,0.0,0.0,0
4,14,11,12,23,5,8,10,0.0,836,78,1,0,1,0,0,643.0769230769231,0.0,0.0,0.0,0.0,0.0,0
4,5,17,2,5,5,22,0,19.245582697973305,1524,152,0,0,0,0,0,601.578947368421,0.0,0.0,0.0,0.0,0.0,1
5,17,12,2,21,6,15,17,27.39144242383332,944,118,1,1,0,0,0,480.0,0.0,0.0,0.0,0.0,0.0,1
3,14,1,3,3,7,19,22,20.646816794043826,1424,193,0,1,0,0,0,442.6943005181347,0.0,0.0,0.0,0.0,0.0,1
6,16,6,4,8,6,16,19,0.0,1729,152,0,1,0,0,0,682.5,0.0,0.0,0.0,0.0,0.0,0
8,15,5,4,8,5,8,11,0.9604431584749769,1749,174,0,0,0,1,0,603.1034482758621,0.0,0.0,0.0,0.0,0.0,0
1,17,18,10,4,1,19,19,0.0,258,30,2,0,0,0,0,516.0,15.682346833686625,0.0,0.0,0.0,0.0,1
3,5,11,5,7,7,10,11,9.899610277224646,966,103,1,1,0,0,0,562.7184466019418,12.444154170229105,0.0,0.0,0.0,0.0,1
7,6,16,1,16,2,19,0,10.246382693407046,2328,258,3,0,0,0,0,541.3953488372093,0.0,0.0,0.0,0.0,0.0,0
4,17,10,3,20,7,10,11,2.0855948818569905,1300,102,0,1,0,0,1,764.7058823529412,0.0,0.0,0.0,0.0,0.0,0
2,13,4,10,12,2,12,17,2.593834112412395,2282,220,3,0,0,0,1,622.3636363636364,0.0,0.0,5.579593432337667,0.0,0.0,0
9,17,17,8,16,6,22,0,9.69385580677696,204,44,2,1,1,0,0,278.1818181818182,0.0,0.0,0.0,0.0,17.388849774527678,1
7,10,10,3,21,4,22,0,40.39448849648296,1255,146,0,0,0,1,1,515.7534246575343,0.0,0.0,0.0,0.0,0.0,1
8,7,19,12,15,5,14,18,1.774020669057533,1324,173,0,0,1,0,1,459.19075144508673,0.0,0.0,0.0,0.0,0.0,0
3,2,3,6,23,5,7,11,0.0,1796,196,0,0,0,0,0,549.795918367347,0.0,0.0,0.0,0.0,1.13186671752835,0
9,7,16,9,12,3,21,1,0.0,2122,219,3,0,0,0,0,581.3698630136986,0.0,0.0,0.0,0.0,0.0,0
0,6,4,7,6,1,5,5,6.846517459423518,511,30,1,0,1,0,1,1022.0,0.0,0.0,0.0,0.0,0.0,0
5,1,13,7,16,2,4,7,4.550874284185407,1848,164,0,0,1,0,0,676.0975609756098,0.0,0.0,0.0,0.0,0.0,0
6,5,18,6,11,2,17,20,16.643507071616963,1584,144,0,0,0,0,0,660.0,0.0,0.0,0.0,0.0,0.0,1
4,14,10,8,1,2,15,17,12.048377649676798,1054,59,0,0,1,0,1,1071.864406779661,0.0,0.0,0.0,25.75270709333109,0.0,1
6,12,3,11,28,3,12,16,0.0,2391,234,3,0,1,0,0,613.0769230769231,0.0,0.0,0.0,0.0,0.0,0
5,11,16,9,26,4,14,19,6.710813728349758,2405,233,3,0,0,0,0,619.31330472103,0.0,0.0,8.119329426822992,0.0,0.0,0
1,6,12,11,2,7,4,8,24.383992923048112,1852,201,0,1,1,0,0,552.8358208955224,0.0,0.0,0.0,0.0,0.0,1
2,7,14,7,3,6,20,2,0.0,2944,305,3,1,1,0,0,579.1475409836066,0.0,33.009923014550914,0.0,0.0,0.0,1
5,14,13,7,9,4,18,21,11.352074065498648,1711,166,0,0,1,0,0,618.433734939759,15.368294619603349,0.0,0.0,0.0,0.0,1
5,18,15,3,23,4,16,20,37.64697403816679,1945,208,0,0,0,0,1,561.0576923076923,0.0,0.0,0.0,0.0,0.0,1
1,10,2,2,20,7,22,3,37.63255078092023,2922,288,3,1,0,1,0,608.75,0.0,0.0,0.0,0.0,0.0,1
4,1,0,5,21,3,17,20,31.779645439490945,1233,136,0,0,0,0,1,543.9705882352941,0.0,0.0,0.0,0.0,0.0,1
4,4,16,9,5,1,21,0,27.911118792619614,1332,131,0,0,0,1,0,610.0763358778627,0.0,0.0,0.0,0.0,0.0,1
5,5,3,9,26,4,11,16,0.0,2813,278,3,0,0,0,0,607.1223021582733,0.0,0.0,0.0,0.0,0.0,0
7,15,4,1,27,1,6,9,0.0,1552,150,0,0,0,1,1,620.8,12.453562594210972,0.0,0.0,0.0,0.0,0
1,19,6,3,16,4,12,15,19.326622465208125,2037,194,3,0,0,1,0,630.0,0.0,0.0,0.0,0.0,0.0,1
7,18,5,10,13,1,22,1,9.615940791553236,1386,153,0,0,0,0,0,543.529411764706,0.0,0.0,0.0,0.0,0.0,0
8,7,6,5,2,2,6,11,21.49558453487612,2567,260,3,0,0,0,0,592.3846153846155,0.0,0.0,0.0,0.0,0.0,1
5,0,4,9,1,5,14,16,24.488581345838348,908,75,1,0,0,1,1,726.4,0.0,0.0,0.0,0.0,0.0,1
6,11,17,7,16,7,20,21,16.173694340399486,333,49,2,1,1,0,0,407.7551020408163,0.0,5.352375322460412,0.0,0.0,0.0,1
5,2,1,3,17,2,4,6,23.044995108970944,1605,172,0,0,0,0,0,559.8837209302326,0.0,0.0,0.0,8.314548444589555,0.0,1
6,3,1,7,17,2,7,9,9.683062039964891,1361,156,0,0,1,0,0,523.4615384615385,0.0,0.0,0.0,0.0,0.0,0
0,14,14,10,13,3,2,2,20.76814999382569,534,31,1,0,0,0,0,1033.5483870967741,0.0,0.0,0.0,0.0,0.0,1
9,2,12,6,17,5,16,19,11.504898736599328,808,88,1,0,0,0,0,550.909090909091,0.0,0.0,0.0,0.0,0.0,0
4,2,0,7,23,5,22,1,0.0,1670,196,0,0,1,0,1,511.2244897959184,0.0,0.0,0.0,0.0,0.0,0
7,12,6,9,6,1,2,4,0.0,1098,139,0,0,0,0,0,473.95683453237405,0.0,0.0,0.0,0.0,0.0,0
1,19,3,7,17,3,22,0,15.081272792563633,1485,139,0,0,1,1,0,641.0071942446043,0.0,0.0,0.0,0.0,2.526658925808876,1
8,4,8,5,12,5,16,20,0.0,2381,253,3,0,0,1,1,564.6640316205534,0.0,0.0,0.0,0.0,0.0,0
4,4,7,6,2,6,1,4,5.415346238943459,1990,192,0,1,0,1,0,621.875,0.0,0.0,0.0,0.0,0.0,0
1,14,11,9,12,4,17,19,4.779422810385669,586,59,1,0,0,0,0,595.9322033898305,0.9729581824252288,0.0,0.0,0.0,0.0,0
3,16,3,12,3,3,16,20,14.806535340694804,1667,156,0,0,1,0,0,641.1538461538461,0.0,0.0,0.0,0.0,0.0,0
3,6,5,4,10,6,16,18,15.02946217179225,291,30,2,1,0,0,0,582.0,0.0,0.0,0.0,0.0,0.0,1
2,5,13,10,10,4,20,22,13.172949381981237,657,77,1,0,0,0,0,511.9480519480519,0.0,0.0,0.0,0.0,0.0,0
7,14,2,7,24,2,22,0,11.246036288489115,564,80,1,0,1,0,0,423.0,0.0,0.0,3.840715635796581,0.0,0.0,1
1,16,17,1,1,7,16,21,18.60224988945906,2198,222,3,1,0,0,0,594.0540540540541,0.0,0.0,0.0,0.0,0.0,1
2,18,1,6,28,3,13,19,23.702773521982103,2691,285,3,0,0,0,0,566.5263157894736,0.0,0.0,0.0,0.0,0.0,1
2,3,2,3,24,2,0,3,14.719030750793612,1350,156,0,0,0,0,0,519.2307692307692,0.0,0.0,0.0,0.0,0.0,0
6,9,16,11,4,6,18,22,21.25313342517513,2188,191,3,1,1,0,0,687.3298429319373,0.0,0.0,0.0,0.0,0.0,1
5,9,10,2,12,3,22,23,4.144456371488549,350,56,2,0,0,0,1,375.0,0.0,0.0,0.0,0.0,0.0,0
7,19,3,12,10,7,23,0,36.18344771722054,425,47,2,1,1,1,0,542.5531914893617,0.0,0.0,0.0,0.0,0.0,1
5,19,17,11,24,2,1,5,23.124639606524,1417,161,0,0,1,1,0,528.0745341614908,0.0,0.0,0.0,0.0,0.0,1
9,0,17,8,2,7,5,11,0.0,2985,300,3,1,1,1,0,597.0,0.0,0.0,0.0,0.0,0.0,0
3,1,6,2,9,4,5,10,12.096739984368712,2349,246,3,0,0,0,0,572.9268292682927,0.0,0.0,0.0,0.0,0.0,0
3,14,19,10,2,6,20,23,19.42432990361678,1289,94,0,1,0,0,1,822.7659574468086,0.0,0.0,0.0,0.0,0.0,1
2,17,14,2,4,6,1,2,15.235743435221725,159,30,2,1,0,0,0,318.0,0.0,0.0,0.0,0.0,0.0,1
2,2,4,2,7,4,0,1,0.0,232,30,2,0,0,0,1,464.0,0.0,0.0,0.0,0.0,0.0,0
3,12,10,11,2,6,17,17,6.5403850101000325,122,43,2,1,1,0,1,170.2325581395349,0.0,0.0,0.0,0.0,0.0,0
8,15,11,7,1,2,5,9,15.488091019197553,1716,204,0,0,1,1,0,504.7058823529412,2.855835448931911,0.0,0.0,0.0,0.0,1
0,11,11,4,18,6,7,10,14.8183772782909,1922,164,0,1,0,0,0,703.170731707317,0.0,0.0,0.0,0.0,0.0,0
7,2,18,9,3,5,3,4,21.26963863330392,561,30,1,0,0,0,0,1122.0,0.0,0.0,0.0,0.0,0.0,1
9,7,6,12,14,3,12,14,2.747286130001825,1128,117,0,0,1,0,0,578.4615384615385,0.0,0.0,0.0,0.0,0.0,0
1,12,1,3,24,5,23,1,12.891186574541546,1787,153,0,0,0,0,0,700.7843137254903,0.0,0.0,0.0,0.0,0.0,0
4,6,17,4,26,5,16,19,0.6805930762001005,2014,197,3,0,0,0,0,613.4010152284264,0.0,0.0,0.0,0.0,0.0,0
0,8,9,5,6,3,2,7,11.066537742855362,2867,331,3,0,0,1,0,519.6978851963746,0.0,0.0,0.0,0.0,0.0,0
6,19,18,5,5,7,20,20,3.5430546358906474,531,43,1,1,0,1,0,740.9302325581396,0.0,0.0,0.0,0.0,0.0,0
1,12,7,2,14,1,18,20,28.75210469871568,602,92,1,0,0,0,0,392.6086956521739,0.0,0.0,0.0,0.0,0.0,1
0,3,10,12,27,5,13,16,42.22372243837787,1956,207,0,0,1,0,1,566.9565217391304,0.0,0.0,1.5932605633470307,0.0,0.0,1
5,18,5,2,9,3,9,14,0.0,2791,321,3,0,0,0,0,521.6822429906542,0.0,0.0,0.0,0.0,0.0,0
3,16,16,3,19,2,22,0,0.0,879,61,1,0,0,0,0,864.5901639344263,0.0,0.0,0.0,0.0,0.0,0
9,19,15,2,6,1,10,14,15.455871116035985,2398,223,3,0,0,1,1,645.2017937219731,0.0,0.0,0.0,0.0,0.0,1
6,3,10,1,2,4,3,8,24.45060905406805,2764,281,3,0,0,0,1,590.1779359430604,0.0,0.0,0.0,0.0,0.0,1
3,10,3,10,6,2,8,13,12.04229836481764,2498,256,3,0,0,1,0,585.46875,9.295465379426371,0.0,0.0,0.0,10.067059086803711,1
4,9,15,6,20,6,4,7,34.52109632093757,1153,101,0,1,0,0,1,684.950495049505,0.0,0.0,0.0,0.0,13.61119953979662,1
5,7,0,7,6,6,15,16,0.0,238,30,2,1,1,0,1,476.0,0.0,0.0,0.0,0.0,0.0,0
3,7,17,3,10,1,19,22,21.11687634716353,1140,126,0,0,0,0,0,542.8571428571429,0.0,0.0,0.0,0.0,0.0,1
5,2,19,2,24,6,14,14,24.533180685743385,321,39,2,1,0,0,1,493.8461538461538,0.0,0.0,0.0,0.0,0.0,1
0,14,18,12,11,5,13,17,36.80861206526146,1868,192,0,0,1,0,0,583.75,0.0,0.0,0.0,0.0,0.0,1
2,2,6,9,22,7,17,22,0.6698184033604235,2635,276,3,1,0,0,0,572.8260869565217,0.0,0.0,0.0,0.0,0.0,0
8,8,11,4,8,4,20,0,10.20162157503496,1630,149,0,0,0,1,0,656.3758389261744,0.0,0.0,0.0,0.0,0.0,0
2,3,16,4,23,3,2,5,30.999339238821992,949,98,1,0,0,0,0,581.0204081632653,0.0,0.0,0.0,0.0,0.0,1
6,6,7,8,19,2,18,22,23.23793828396347,2474,250,3,0,1,0,0,593.76,0.0,0.0,0.0,0.0,0.0,1
6,10,10,5,16,6,1,2,0.0,863,45,1,1,0,1,1,1150.6666666666667,0.0,0.0,0.0,0.0,0.0,0
6,18,5,12,7,1,20,21,24.861382206302217,435,34,2,0,1,0,0,767.6470588235294,0.0,0.0,0.0,0.0,0.0,1
7,0,6,7,17,5,5,7,16.69468801285791,1587,124,0,0,1,1,0,767.9032258064516,0.0,0.0,0.0,0.0,30.883237686542387,1
4,0,15,6,24,6,23,0,0.0,916,91,1,1,0,1,1,603.956043956044,0.0,0.0,0.0,0.0,0.0,0
0,9,16,9,9,7,19,20,0.0,380,45,2,1,0,0,0,506.6666666666667,0.0,0.0,0.0,0.0,0.0,0
5,11,16,6,13,7,0,2,21.200878702508756,1596,166,0,1,0,0,0,576.8674698795181,0.0,0.0,0.0,0.0,0.0,1
4,12,6,6,11,3,5,5,8.636019526162565,236,30,2,0,0,0,0,472.0,0.0,0.0,0.0,0.0,0.0,0
7,9,11,11,25,6,6,9,30.017154746107312,1576,153,0,1,1,0,0,618.0392156862746,0.0,0.0,0.0,0.0,0.0,1
4,3,2,11,4,4,15,17,8.752353522378282,1512,134,0,0,1,0,0,677.0149253731344,21.280471546824064,0.0,0.0,0.0,0.0,1
8,6,0,4,28,2,1,3,15.804624144656394,669,73,1,0,0,0,1,549.8630136986302,0.0,0.0,0.0,0.0,0.0,1
0,12,9,12,20,2,10,15,6.278756779504258,2320,234,3,0,1,0,0,594.8717948717949,3.9479079385267903,0.0,0.0,0.0,11.673786569577963,1
2,6,7,4,21,3,20,2,8.590285033411979,2588,299,3,0,0,0,0,519.3311036789297,0.0,0.0,0.0,46.82687602574836,0.0,1
6,0,8,9,8,6,14,18,0.0,2440,240,3,1,0,1,1,610.0,0.0,0.0,0.0,0.0,0.0,0
7,9,7,9,15,3,19,23,41.57999862662618,1910,202,0,0,0,0,0,567.3267326732673,0.153231941438233,0.0,0.0,0.0,0.0,1
6,3,4,12,25,3,18,21,4.680405171644352,2164,202,3,0,1,0,1,642.7722772277227,0.0,0.0,9.746299612221112,0.0,0.0,0
9,18,1,8,7,1,8,9,31.894984294106848,720,51,1,0,1,0,0,847.0588235294118,0.0,0.0,0.0,0.0,5.888622140117429,1
0,6,4,6,8,3,14,15,8.20422428717476,448,30,2,0,0,0,1,896.0,0.0,0.0,10.287726645545067,0.0,0.0,1
1,15,4,7,20,1,8,10,7.595225049986876,1302,99,0,0,1,1,1,789.0909090909091,0.0,0.0,0.0,0.0,0.0,0
0,17,9,7,19,2,14,15,0.0,747,70,1,0,1,0,0,640.2857142857142,0.0,0.0,0.0,0.0,0.0,0
7,0,12,3,9,7,18,22,9.259825672002156,2633,266,3,1,0,1,0,593.9097744360902,0.0,0.0,0.0,0.0,0.0,0
0,18,16,1,5,6,11,13,11.904259321881064,997,92,1,1,0,0,0,650.2173913043478,0.0,6.507149845525072,0.0,0.0,0.0,1
5,0,16,6,4,3,5,7,1.4685457353103892,1184,121,0,0,0,1,0,587.1074380165289,0.0,0.0,0.0,0.0,0.0,0
1,19,19,1,18,7,8,10,16.915604146749182,1476,164,0,1,0,1,1,540.0,0.0,0.0,0.0,0.0,0.0,1
1,9,5,7,26,2,17,19,19.632063739023536,1475,149,0,0,1,0,0,593.9597315436241,0.0,0.0,0.0,0.0,0.0,1
6,3,15,10,24,3,5,7,4.406474745158356,878,90,1,0,0,0,1,585.3333333333334,0.0,0.0,0.0,0.0,0.0,0
6,16,5,10,23,2,17,19,3.813104020718674,1096,106,0,0,0,0,0,620.377358490566,0.0,0.0,0.0,0.0,0.0,0
4,13,16,6,20,3,4,6,0.0,497,55,2,0,0,0,0,542.1818181818182,0.0,0.0,0.0,0.0,0.0,0
9,9,14,6,19,2,17,19,13.006942094937628,297,88,2,0,0,0,0,202.50000000000003,0.0,0.0,0.0,0.0,0.0,0
0,13,13,12,23,2,18,21,13.450904731003323,1579,176,0,0,1,0,0,538.2954545454546,8.356941877257512,3.4307225313201126,0.0,0.0,0.0,1
7,5,11,12,28,6,5,7,0.0,1195,77,0,1,1,0,0,931.168831168831,0.0,0.0,0.0,0.0,0.0,0
2,7,10,6,11,1,2,7,18.224966707325493,2922,296,3,0,0,0,1,592.2972972972973,0.0,0.0,0.0,0.0,0.0,1
9,7,13,2,16,4,2,8,27.019480994724116,2804,320,3,0,0,0,0,525.75,0.0,0.0,0.0,0.0,0.0,1
8,17,18,7,3,6,3,7,40.284880731270256,2911,263,3,1,1,0,0,664.106463878327,0.0,0.0,0.0,0.0,0.0,1
1,1,11,6,10,3,10,14,0.0,1795,157,0,0,0,0,0,685.9872611464968,0.0,0.0,0.0,0.0,0.0,0
4,2,11,11,8,6,14,17,0.0,1908,176,0,1,1,0,0,650.4545454545455,0.0,0.0,0.0,0.0,10.533694121249876,0
3,3,13,11,28,4,17,21,0.0,2159,215,3,0,1,0,0,602.5116279069767,0.0,0.0,14.773855529970096,0.0,0.0,0
1,10,2,12,15,1,15,15,1.7197469170646862,449,30,2,0,1,1,0,898.0,0.0,0.0,0.0,0.0,0.0,0
1,14,4,12,19,3,6,11,0.0,1941,226,0,0,1,0,1,515.3097345132743,0.0,0.0,0.0,0.0,15.66004903984522,1
8,15,18,6,21,2,5,9,12.526503499273796,2499,232,3,0,0,1,0,646.2931034482758,0.0,0.0,15.902432311428582,0.0,0.0,1
5,16,14,3,25,5,7,11,5.563239437856541,2235,246,3,0,0,0,0,545.1219512195122,0.0,0.0,0.0,0.0,0.0,0
9,14,16,5,14,3,9,14,12.063113574399454,2143,239,3,0,0,0,0,537.9916317991632,0.0,0.0,0.0,0.0,0.0,0
4,11,19,1,4,2,19,23,11.319890917973376,2347,231,3,0,0,0,1,609.6103896103896,0.0,0.0,0.0,0.0,0.0,0
2,11,9,6,13,4,23,1,16.192540333810697,1378,158,0,0,0,0,0,523.2911392405064,0.0,0.0,0.0,0.0,0.0,1
8,15,3,7,15,3,11,16,3.129018137377173,2701,279,3,0,1,1,0,580.8602150537633,0.0,0.0,6.279183250552138,0.0,0.0,0
2,0,14,9,8,6,3,9,11.50924412276785,2636,285,3,1,0,1,0,554.9473684210526,0.0,0.0,0.0,0.0,0.0,0
0,12,16,10,19,5,17,21,5.856945225353265,2077,219,3,0,0,0,0,569.0410958904109,3.891800411623077,0.0,0.0,0.0,0.0,0
2,7,1,3,5,4,11,13,0.0,1101,110,0,0,0,0,0,600.5454545454546,0.0,0.0,0.0,0.0,0.0,0
5,17,15,9,25,6,20,21,15.80550689659341,462,50,2,1,0,0,1,554.4,0.0,0.0,0.0,0.0,0.0,1
4,16,19,1,28,4,5,7,0.0,951,96,1,0,0,0,1,594.375,3.6539692254930434,0.0,0.0,0.0,0.0,0
4,1,3,1,15,2,11,15,22.084677132368327,2400,227,3,0,0,0,0,634.3612334801762,0.0,0.0,0.0,0.0,0.0,1
3,18,0,8,2,5,20,2,10.808365143717207,2834,280,3,0,1,0,1,607.2857142857142,0.0,0.0,0.0,0.0,0.0,0
6,13,14,6,17,2,3,8,7.561376242828709,2454,255,3,0,0,0,0,577.4117647058823,21.963682642568365,0.0,0.0,0.0,0.0,1
2,11,13,2,11,2,2,8,10.673628723951111,2646,275,3,0,0,0,0,577.309090909091,0.0,0.0,0.0,0.0,0.0,0
1,12,13,2,10,2,22,1,22.079248499168024,1205,128,0,0,0,0,0,564.84375,0.0,0.0,0.0,0.0,0.0,1
5,18,9,8,1,6,21,2,16.29145388616759,2723,241,3,1,1,0,0,677.9253112033196,0.0,0.0,0.0,0.0,13.764590422437522,1
6,9,4,4,25,6,10,12,0.0,1438,156,0,1,0,0,1,553.0769230769231,0.0,0.0,3.813848501960953,0.0,2.636901954190435,0
6,3,13,1,1,4,9,14,0.0,2258,227,3,0,0,0,0,596.8281938325991,0.0,0.0,0.0,0.0,0.0,0
9,18,9,12,7,5,3,3,7.415494576157029,204,30,2,0,1,0,0,408.0,0.0,0.0,0.0,0.0,0.0,0
7,15,17,2,7,4,6,11,0.0,2935,254,3,0,0,1,0,693.3070866141733,0.0,0.0,0.0,0.0,0.0,0
4,14,10,5,20,2,18,18,18.6115085957072,743,40,1,0,0,0,1,1114.5,0.0,0.0,0.0,0.0,0.0,1
7,3,15,4,22,7,19,23,34.071199510103625,1975,229,0,1,0,0,1,517.4672489082969,0.0,0.0,1.893765555501352,0.0,0.0,1
1,12,5,5,14,1,11,13,5.862188370755517,831,91,1,0,0,0,0,547.9120879120879,0.0,0.0,0.0,0.0,0.0,0
2,9,8,7,2,2,17,19,2.37304411656314,869,59,1,0,1,0,1,883.7288135593221,0.0,0.0,9.796901214495822,0.0,22.923222391124124,1
3,13,18,2,28,6,20,0,8.425837633776382,2861,271,3,1,0,0,0,633.4317343173432,10.795822114531834,0.0,0.0,0.0,0.0,1
5,13,16,9,17,4,17,21,8.814791295538488,1849,158,0,0,0,0,0,702.1518987341772,0.0,0.0,0.0,0.0,0.0,0
2,9,8,8,1,4,1,6,9.732787893691572,2759,271,3,0,1,0,1,610.8487084870849,0.0,0.0,0.0,0.0,0.0,0
5,12,6,5,26,3,0,4,32.94519318822867,2260,248,3,0,0,0,0,546.7741935483871,0.0,0.0,0.0,0.0,0.0,1
2,15,1,10,15,2,19,1,7.59966722358914,2849,293,3,0,0,1,0,583.4129692832764,0.0,0.0,0.0,0.0,0.0,0
6,16,6,6,7,7,14,18,24.281103466243763,2392,235,3,1,0,0,0,610.7234042553192,0.0,0.0,0.0,0.0,0.0,1
9,0,1,10,16,2,10,12,0.0,2010,165,3,0,0,1,0,730.9090909090909,0.0,0.0,0.0,0.0,0.0,0
8,8,19,6,17,5,10,12,30.976858986077964,1314,93,0,0,0,1,1,847.741935483871,0.0,0.0,0.0,0.0,0.0,1
7,8,4,6,18,6,13,16,30.225990254664666,2150,213,3,1,0,1,1,605.6338028169015,0.0,0.0,0.0,0.0,0.0,1
7,1,5,3,4,6,14,19,19.0053658536358,2966,305,3,1,0,0,0,583.4754098360656,0.0,0.0,0.0,0.0,0.0,1
7,2,7,7,18,7,21,1,0.0,2615,250,3,1,1,0,0,627.5999999999999,6.6432222641639855,0.0,0.0,0.0,0.0,0
6,9,14,3,5,1,5,10,18.249050121470603,2288,245,3,0,0,0,0,560.3265306122449,0.0,0.0,0.0,0.0,0.0,1
2,10,12,12,8,2,9,12,19.268795728068675,2021,204,3,0,1,1,0,594.4117647058823,0.0,0.0,0.0,0.0,0.0,1
8,8,19,4,24,2,10,15,8.98318207570932,2614,256,3,0,0,1,1,612.65625,0.0,0.0,0.0,0.0,0.0,0
4,4,18,1,11,4,10,15,0.0,2909,275,3,0,0,1,0,634.6909090909091,0.0,0.0,0.0,0.0,0.0,0
7,0,15,10,23,4,3,5,0.0,925,91,1,0,0,1,1,609.8901098901099,0.0,0.0,0.0,0.0,0.0,0
7,9,7,3,20,1,2,4,12.44250965272185,1294,99,0,0,0,0,0,784.2424242424242,0.0,0.0,0.0,0.0,0.0,0
8,5,14,12,15,7,13,19,26.29139453550505,2941,296,3,1,1,0,0,596.1486486486486,0.0,0.0,0.0,0.0,0.0,1
6,9,7,7,21,7,23,1,0.0,1486,144,0,1,1,0,0,619.1666666666667,0.0,0.0,0.0,0.0,0.0,0
0,0,13,3,18,4,5,5,19.954389085160933,286,30,2,0,0,1,0,572.0,0.0,0.0,0.0,0.0,0.0,1
2,10,1,10,25,7,16,19,20.426862304338243,1396,148,0,1,0,1,0,565.9459459459459,0.0,0.0,0.0,0.0,29.881785496252185,1
3,1,8,2,18,7,14,15,12.133988087437707,108,30,2,1,0,0,1,216.0,0.0,0.0,0.0,0.0,0.0,0
3,10,0,12,15,1,23,2,10.442782845230887,1684,173,0,0,1,1,1,584.0462427745665,0.0,0.0,0.0,0.0,0.0,0
6,3,1,5,3,5,0,0,22.74656987688472,525,43,1,0,0,0,0,732.5581395348837,0.0,0.0,0.0,0.0,0.0,1
7,12,11,6,27,7,15,19,11.362085233761622,1944,230,0,1,0,0,0,507.1304347826087,0.0,0.0,0.0,0.0,22.871143063034943,1
1,5,0,5,6,5,22,4,25.455129475825924,2673,285,3,0,0,0,1,562.7368421052631,0.0,0.0,0.0,0.0,0.0,1
4,14,13,7,27,3,21,23,2.5132312106083896,676,92,1,0,1,0,0,440.86956521739125,0.0,0.0,0.0,0.0,0.0,0
8,12,6,6,27,4,5,9,14.786821452755628,2384,233,3,0,0,0,0,613.9055793991416,0.0,0.0,0.0,0.0,0.0,0
2,18,1,2,2,7,21,23,0.0,590,68,1,1,0,0,0,520.5882352941177,0.0,0.0,0.0,0.0,0.0,0
9,6,15,8,20,5,23,3,2.3250392075038446,2443,256,3,0,1,0,1,572.578125,0.0,0.0,0.0,0.0,0.0,0
0,2,17,8,6,6,6,7,5.878593712390778,374,68,2,1,1,0,0,330.0,0.0,0.0,0.0,0.0,0.0,0
4,11,8,2,6,2,11,15,11.881164710940986,1811,217,0,0,0,0,1,500.73732718894007,0.0,0.0,0.0,0.0,0.0,0
1,4,3,3,11,6,15,16,14.657492701250462,661,87,1,1,0,1,0,455.86206896551727,0.0,0.0,0.0,0.0,0.0,0
6,8,0,11,8,3,7,11,29.95737288846904,2135,207,3,0,1,1,1,618.8405797101449,0.0,0.0,0.0,0.0,0.0,1
7,0,4,9,20,1,21,22,33.23210140932407,656,30,1,0,0,1,1,1312.0,0.0,0.0,0.0,0.0,0.0,1
9,9,15,3,20,7,0,2,12.739586202159847,630,73,1,1,0,0,1,517.8082191780823,20.806899296146497,0.0,0.0,0.0,0.0,1
8,7,5,7,14,6,11,13,36.54066589246639,1083,69,0,1,1,0,0,941.7391304347827,0.0,0.0,0.0,0.0,0.0,1
1,13,13,7,24,5,12,16,41.6415431546685,1747,193,0,0,1,0,0,543.1088082901554,0.0,0.0,0.0,0.0,0.0,1
8,9,16,2,11,1,3,6,0.0,1521,171,0,0,0,0,0,533.6842105263157,0.0,0.0,0.0,0.0,0.0,0
3,18,9,8,5,4,22,2,17.38692516063829,1886,164,0,0,1,0,0,690.0,0.0,0.0,0.0,0.0,0.0,1
0,3,16,4,23,2,1,6,1.9657674761109332,2411,262,3,0,0,0,0,552.1374045801527,0.0,0.0,0.0,0.0,0.0,0
0,10,10,7,11,7,7,11,0.0,1984,194,0,1,1,1,1,613.6082474226804,0.0,0.0,0.0,0.0,3.10443306089568,0
0,3,5,7,18,7,12,13,5.391797312368595,563,48,1,1,1,0,0,703.75,4.399903692931409,0.0,0.0,0.0,0.0,0
1,11,0,11,17,2,0,3,32.36039416354362,1141,137,0,0,1,0,1,499.7080291970803,0.0,0.0,0.0,0.0,0.0,1
5,5,12,8,5,3,2,3,40.75793682139883,740,52,1,0,1,0,0,853.8461538461538,0.0,0.0,0.0,0.0,0.0,1
5,3,7,5,19,7,15,18,20.541699131967988,2265,192,3,1,0,0,0,707.8125,0.0,0.0,0.0,0.0,0.0,1
6,11,17,4,4,5,16,16,0.0,244,30,2,0,0,0,0,488.0,0.0,0.0,0.0,0.0,0.0,0
0,4,4,9,23,5,19,0,23.44626524810831,2899,299,3,0,0,1,1,581.7391304347826,0.0,0.0,0.0,0.0,0.0,1
1,10,2,8,24,3,4,7,3.0368026541818987,2592,228,3,0,1,1,0,682.1052631578948,0.0,0.0,0.0,0.0,0.0,0
7,3,7,1,16,4,8,13,16.120887840965906,2573,233,3,0,0,0,0,662.5751072961374,0.0,36.70954962943952,0.0,0.0,0.0,1
6,2,0,5,4,3,5,10,12.3374992205621,2661,255,3,0,0,0,1,626.1176470588235,0.0,0.0,0.0,0.0,0.0,0
8,6,16,2,14,2,12,13,6.259492250801184,121,30,2,0,0,0,0,242.0,0.0,0.0,0.0,0.0,0.0,0
5,3,7,10,24,5,9,11,15.405801400750848,721,92,1,0,0,0,0,470.2173913043478,0.0,0.0,0.0,0.0,0.0,1
5,11,17,8,21,6,6,9,0.0,1821,182,0,1,1,0,0,600.3296703296703,0.0,0.0,0.0,0.0,0.0,0
6,19,12,12,28,1,20,23,0.0,1320,117,0,0,1,1,0,676.9230769230769,0.0,0.0,0.0,0.0,0.0,0
9,8,3,10,4,4,2,6,0.0,1751,201,0,0,0,1,0,522.6865671641791,0.0,0.0,0.0,0.0,0.0,0
8,0,13,2,5,3,13,15,12.6583275858758,1519,143,0,0,0,1,0,637.3426573426574,0.0,0.0,0.0,0.0,0.0,0
4,6,14,7,13,6,1,4,19.764618875070735,2231,219,3,1,1,0,0,611.2328767123288,0.0,0.0,19.213777580656178,0.0,0.0,1
7,16,13,11,28,3,10,12,19.540779904619026,1311,85,0,0,1,0,0,925.4117647058823,0.0,0.0,0.0,0.0,5.1405659831848105,1
7,7,0,1,23,3,14,17,9.010676126915802,1543,196,0,0,0,0,1,472.34693877551024,0.0,0.0,0.0,0.0,0.0,0
9,19,16,4,5,4,0,2,13.196454817414628,1265,154,0,0,0,1,0,492.85714285714283,0.0,0.0,0.0,0.0,0.0,0
