airline,flight_num,origin_airport,dest_airport,month,day_of_month,day_of_week,dep_time,arr_time,dep_delay,arr_delay,distance,air_time,carrier_delay,weather_delay,nas_delay,security_delay,late_aircraft_delay,is_delayed
F9,5144,DEN,MCO,11,6,6,1488,1700,11.45811593251233,11.45811593251233,991,92,0.0,0.0,0.0,0.0,0.0,0
WN,3572,PHX,LAX,1,23,3,2158,230,0.0,0.0,2744,272,0.0,0.0,0.0,0.0,0.0,0
US,1745,DFW,JFK,3,16,1,779,855,0.0,0.0,195,36,0.0,0.0,0.0,0.0,0.0,0
NK,6191,DTW,BOS,1,3,3,2125,2220,12.184258784671922,12.184258784671922,311,55,0.0,0.0,0.0,0.0,0.0,0
US,1585,DTW,EWR,10,13,6,440,927,18.871020415082395,18.871020415082395,2946,287,0.0,0.0,0.0,0.0,0.0,1
DL,965,DTW,DTW,4,11,4,998,1143,20.109618223876133,20.109618223876133,884,65,0.0,0.0,0.0,0.0,0.0,1
B6,907,SEA,PHX,10,22,2,2148,10,23.89002502005186,23.89002502005186,1397,142,0.0,0.0,0.0,0.0,0.0,1
AS,2499,EWR,DTW,2,18,4,1893,2303,29.306047807558368,29.306047807558368,2020,210,0.0,0.0,0.0,0.0,0.0,1
WN,2231,SEA,SFO,11,13,2,1332,1833,0.0,7.6155933749051385,2932,301,7.6155933749051385,0.0,0.0,0.0,0.0,0
AS,9530,ATL,MIA,1,19,1,473,543,12.139163858902718,12.139163858902718,172,30,0.0,0.0,0.0,0.0,0.0,0
AA,3050,CLT,PHX,11,20,6,1050,1302,0.0,0.0,1317,132,0.0,0.0,0.0,0.0,0.0,0
AS,8556,MCO,SEA,11,4,2,1153,1321,0.0,0.0,1092,88,0.0,0.0,0.0,0.0,0.0,0
B6,5284,BOS,DFW,5,6,7,264,617,14.824519616252763,14.824519616252763,1928,193,0.0,0.0,0.0,0.0,0.0,0
HA,8192,DTW,SFO,8,3,7,1714,1945,0.0,0.0,1767,151,0.0,0.0,0.0,0.0,0.0,0
F9,6651,MSP,ATL,1,2,6,813,1207,0.0,0.0,2148,234,0.0,0.0,0.0,0.0,0.0,0
F9,2150,JFK,LAX,12,10,4,1,213,13.042399782796526,13.042399782796526,1493,132,0.0,0.0,0.0,0.0,0.0,0
US,2053,DFW,MCO,4,25,2,2100,2313,21.510167437393676,21.510167437393676,1390,133,0.0,0.0,0.0,0.0,0.0,1
DL,2462,EWR,LGA,7,14,7,90,240,0.0,21.14888993334219,883,70,0.0,0.0,0.0,0.0,21.14888993334219,1
NK,6120,SFO,ATL,6,25,3,238,537,22.592831416435274,22.592831416435274,1737,179,0.0,0.0,0.0,0.0,0.0,1
F9,4464,DEN,LAX,3,26,3,1764,2117,40.79423615225192,47.154385240806086,1727,193,6.360149088554166,0.0,0.0,0.0,0.0,1
DL,4940,ATL,LGA,3,12,3,83,531,0.0,0.0,2720,248,0.0,0.0,0.0,0.0,0.0,0
NK,4077,BOS,PHX,4,25,7,609,900,20.61413953885551,20.61413953885551,1425,171,0.0,0.0,0.0,0.0,0.0,1
WN,4580,MCO,PHX,8,8,2,919,1336,31.160757690258347,31.160757690258347,2561,257,0.0,0.0,0.0,0.0,0.0,1
B6,1307,CLT,DTW,9,4,5,1345,1822,0.0,0.0,2679,277,0.0,0.0,0.0,0.0,0.0,0
F9,2824,LGA,PHL,6,7,7,1255,1443,15.624407878135692,15.624407878135692,1084,108,0.0,0.0,0.0,0.0,0.0,1
F9,5065,CLT,SFO,8,23,6,1162,1508,33.63392222398474,33.63392222398474,1969,186,0.0,0.0,0.0,0.0,0.0,1
B6,7032,MCO,DEN,10,23,1,197,521,2.0605055498273375,15.801023295392664,1624,164,0.0,13.740517745565327,0.0,0.0,0.0,1
WN,3856,DFW,FLL,4,15,6,1543,1804,2.917053091826414,2.917053091826414,1564,141,0.0,0.0,0.0,0.0,0.0,0
UA,1698,MCO,MIA,4,9,6,660,1122,23.924062839354765,23.924062839354765,2847,262,0.0,0.0,0.0,0.0,0.0,1
UA,5607,ORD,PHL,6,19,7,508,711,0.0,0.0,1199,123,0.0,0.0,0.0,0.0,0.0,0
US,4200,BOS,LAX,5,25,4,1076,1607,8.695347900951031,8.695347900951031,2716,291,0.0,0.0,0.0,0.0,0.0,0
AS,1572,ATL,LGA,3,19,6,839,1139,9.411059255733067,9.411059255733067,1826,180,0.0,0.0,0.0,0.0,0.0,0
WN,8313,ORD,SEA,3,5,7,2093,31,0.0,29.291544962391814,1818,178,16.52441587523169,0.0,12.767129087160125,0.0,0.0,1
AA,9143,CLT,DEN,3,23,2,1056,1247,13.430811810665208,13.430811810665208,1088,111,0.0,0.0,0.0,0.0,0.0,0
AA,4262,LAS,MCO,11,13,1,1784,2126,14.261584234740912,14.261584234740912,1700,182,0.0,0.0,0.0,0.0,0.0,0
US,8245,ATL,DFW,10,21,2,715,1143,9.316480524119214,9.316480524119214,2390,268,0.0,0.0,0.0,0.0,0.0,0
UA,4820,SEA,LGA,7,2,3,1484,1620,0.0,0.0,694,56,0.0,0.0,0.0,0.0,0.0,0
DL,4268,PHL,MIA,10,23,5,351,628,0.0,0.0,1666,157,0.0,0.0,0.0,0.0,0.0,0
UA,6014,EWR,JFK,5,28,3,1522,1955,0.0,0.0,2501,273,0.0,0.0,0.0,0.0,0.0,0
AS,5208,PHL,BOS,4,9,5,1869,12,0.6125196732235967,0.6125196732235967,2918,303,0.0,0.0,0.0,0.0,0.0,0
NK,7211,FLL,ATL,3,8,1,507,804,0.0,0.0,1813,177,0.0,0.0,0.0,0.0,0.0,0
US,2283,JFK,EWR,8,27,2,2050,2215,3.8998015102644663,3.8998015102644663,1073,85,0.0,0.0,0.0,0.0,0.0,0
US,4797,ATL,DTW,5,7,2,1291,1719,7.772588436232813,7.772588436232813,2623,228,0.0,0.0,0.0,0.0,0.0,0
B6,7365,LAS,MSP,10,12,2,1792,1902,2.6402549804116457,2.6402549804116457,465,30,0.0,0.0,0.0,0.0,0.0,0
NK,6106,LAS,EWR,12,18,2,1080,1554,29.150174107195152,29.150174107195152,2307,274,0.0,0.0,0.0,0.0,0.0,1
B6,9238,SEA,DTW,3,9,2,919,1006,0.0,0.0,283,47,0.0,0.0,0.0,0.0,0.0,0
US,5980,DEN,MIA,7,2,4,1662,1753,0.0,0.0,434,51,0.0,0.0,0.0,0.0,0.0,0
NK,1580,EWR,JFK,2,12,6,1552,1802,19.535074014975745,19.535074014975745,1327,130,0.0,0.0,0.0,0.0,0.0,1
NK,2403,JFK,LGA,9,15,6,2076,2258,35.608900600680826,35.608900600680826,1115,102,0.0,0.0,0.0,0.0,0.0,1
F9,4219,BOS,LGA,10,15,2,203,233,35.92289331447514,35.92289331447514,588,30,0.0,0.0,0.0,0.0,0.0,1
F9,9324,LAS,PHL,1,25,7,489,604,5.2121515763636275,5.2121515763636275,261,35,0.0,0.0,0.0,0.0,0.0,0
US,5572,ATL,EWR,3,22,3,2135,2321,27.013355306366506,30.785385380040967,1325,106,0.0,0.0,3.7720300736744603,0.0,0.0,1
HA,4976,SFO,LGA,2,28,7,285,816,9.513119521792383,33.35977756858587,2639,291,0.0,0.0,0.0,0.0,23.846658046793486,1
WN,9052,SFO,PHX,7,7,6,2128,2158,32.79697308624007,32.79697308624007,205,30,0.0,0.0,0.0,0.0,0.0,1
WN,2189,CLT,CLT,2,23,5,2015,2,15.808986414788661,15.808986414788661,2515,227,0.0,0.0,0.0,0.0,0.0,1
US,726,FLL,LGA,7,7,6,1899,2018,11.781032528504241,11.781032528504241,734,39,0.0,0.0,0.0,0.0,0.0,0
US,1790,SFO,CLT,4,17,7,910,941,34.354112987435684,34.354112987435684,693,31,0.0,0.0,0.0,0.0,0.0,1
AA,2353,MCO,PHX,8,19,2,916,957,0.0,0.0,589,41,0.0,0.0,0.0,0.0,0.0,0
US,9551,LGA,DTW,5,21,2,1273,1740,19.040793938061967,19.040793938061967,2589,267,0.0,0.0,0.0,0.0,0.0,1
UA,1530,LGA,MIA,6,3,3,361,646,22.0311952622903,22.0311952622903,1715,165,0.0,0.0,0.0,0.0,0.0,1
US,4949,BOS,LAX,9,8,6,149,339,26.76955611782003,41.957620211562975,1190,110,0.0,0.0,0.0,0.0,15.188064093742943,1
NK,5457,SEA,LAX,8,7,2,2042,2208,18.54091722243593,18.54091722243593,838,86,0.0,0.0,0.0,0.0,0.0,1
AA,7008,DEN,SEA,12,25,4,2273,140,0.0,3.498094876719931,1389,147,3.498094876719931,0.0,0.0,0.0,0.0,0
HA,6066,ORD,JFK,10,9,7,1706,1843,21.452463630910977,21.452463630910977,1047,97,0.0,0.0,0.0,0.0,0.0,1
AA,879,DTW,EWR,3,25,1,397,741,32.35638019114007,32.35638019114007,1886,184,0.0,0.0,0.0,0.0,0.0,1
DL,673,FLL,DFW,6,10,2,1288,1522,16.1823187102624,16.1823187102624,1205,114,0.0,0.0,0.0,0.0,0.0,1
WN,9113,PHX,LAS,1,15,3,1635,1822,15.8495088399767,15.8495088399767,1407,107,0.0,0.0,0.0,0.0,0.0,1
F9,9860,DEN,EWR,4,10,1,819,1109,23.449455392049646,82.54718436800506,1497,170,0.0,0.0,0.0,59.09772897595542,0.0,1
B6,5486,LAX,FLL,12,16,3,868,1305,27.87829353818443,27.87829353818443,2350,237,0.0,0.0,0.0,0.0,0.0,1
DL,4969,LAS,CLT,12,5,7,1149,1336,29.06433944264701,29.06433944264701,1213,107,0.0,0.0,0.0,0.0,0.0,1
DL,575,CLT,BOS,10,15,5,11,228,23.346625689979074,28.057608856340174,1152,137,0.0,0.0,4.7109831663611015,0.0,0.0,1
AS,5537,JFK,ORD,3,15,4,496,827,20.789805234135354,20.789805234135354,1132,171,0.0,0.0,0.0,0.0,0.0,1
HA,9920,MCO,LAX,7,26,6,2339,121,19.946163575105544,19.946163575105544,962,102,0.0,0.0,0.0,0.0,0.0,1
DL,6302,LAX,PHL,12,3,4,2103,206,0.0,0.0,2759,303,0.0,0.0,0.0,0.0,0.0,0
NK,5359,MIA,ATL,9,6,3,1896,2006,20.70391316973368,20.70391316973368,117,30,0.0,0.0,0.0,0.0,0.0,1
US,1204,LAS,DFW,11,16,5,634,704,0.0,0.0,129,30,0.0,0.0,0.0,0.0,0.0,0
DL,1303,CLT,LGA,11,2,6,457,559,18.98469842827479,18.98469842827479,617,62,0.0,0.0,0.0,0.0,0.0,1
US,9241,FLL,SFO,1,13,6,130,200,0.0,0.0,350,30,0.0,0.0,0.0,0.0,0.0,0
WN,6521,PHX,LAS,3,14,3,344,651,8.636800900611826,8.636800900611826,1727,187,0.0,0.0,0.0,0.0,0.0,0
AS,4520,SEA,PHL,8,6,6,1929,2339,20.433578318491683,20.433578318491683,2501,250,0.0,0.0,0.0,0.0,0.0,1
AS,5849,BOS,MIA,8,15,6,394,621,0.0,5.835669177370384,1184,107,0.0,0.0,5.835669177370384,0.0,0.0,0
B6,4938,SEA,LAS,5,21,2,1456,1924,3.746692590419145,3.746692590419145,2895,268,0.0,0.0,0.0,0.0,0.0,0
UA,8857,MIA,MIA,3,18,3,1362,1843,3.976139286780981,3.976139286780981,2685,281,0.0,0.0,0.0,0.0,0.0,0
AS,4682,LAS,MIA,8,2,1,430,741,0.0,0.0,1809,191,0.0,0.0,0.0,0.0,0.0,0
UA,5161,EWR,SFO,10,23,3,58,342,0.0,0.0,1149,164,0.0,0.0,0.0,0.0,0.0,0
HA,9300,LAS,LGA,3,24,2,1406,1833,0.0,0.0,2819,267,0.0,0.0,0.0,0.0,0.0,0
HA,7674,PHL,JFK,12,19,3,337,455,25.405136070028057,26.841712829481505,867,78,1.4365767594534469,0.0,0.0,0.0,0.0,1
B6,1857,LAX,PHX,11,21,7,428,605,0.0,0.0,1506,97,0.0,0.0,0.0,0.0,0.0,0
AA,7346,DFW,FLL,9,28,1,1471,1657,0.0,0.0,1252,106,0.0,0.0,0.0,0.0,0.0,0
WN,8488,MSP,PHL,12,25,1,2235,22,0.0,0.0,1125,107,0.0,0.0,0.0,0.0,0.0,0
AS,4392,CLT,LAS,4,6,6,445,554,0.0,0.0,825,69,0.0,0.0,0.0,0.0,0.0,0
DL,7278,EWR,MCO,12,3,3,211,629,12.627629081090603,12.627629081090603,2507,258,0.0,0.0,0.0,0.0,0.0,0
US,2248,PHX,LAX,1,19,3,1376,1606,12.77124020830054,37.862371083358994,1290,110,0.0,0.0,0.0,0.0,25.091130875058454,1
WN,4893,CLT,LAS,12,22,1,447,850,6.243516987965064,6.243516987965064,2568,243,0.0,0.0,0.0,0.0,0.0,0
HA,1439,BOS,FLL,9,10,5,1373,1706,47.83130876198836,47.83130876198836,1894,173,0.0,0.0,0.0,0.0,0.0,1
UA,5460,SEA,LAX,4,6,6,1111,1444,11.746224643979113,17.475690619310384,2163,213,0.0,0.0,0.0,0.0,5.729465975331273,1
UA,8428,SEA,DFW,8,15,6,1779,2151,0.0,0.0,2250,212,0.0,0.0,0.0,0.0,0.0,0
DL,7561,MIA,DTW,11,27,6,585,802,24.31898198474343,69.26424342798921,995,97,0.0,0.0,9.218579189863403,35.72668225338238,0.0,1
AA,9669,BOS,ORD,9,7,2,758,1014,32.59571798108881,32.59571798108881,1368,136,0.0,0.0,0.0,0.0,0.0,1
DL,6807,EWR,SEA,9,6,3,1610,1913,8.443789339448461,8.443789339448461,1975,183,0.0,0.0,0.0,0.0,0.0,0
F9,8442,PHX,JFK,7,16,5,844,1046,12.659787533865268,12.659787533865268,1204,122,0.0,0.0,0.0,0.0,0.0,0
US,1400,ATL,SFO,7,17,3,1907,2045,37.20734316111263,37.20734316111263,744,98,0.0,0.0,0.0,0.0,0.0,1
B6,6560,ORD,ORD,1,22,1,1691,1835,37.31612721709898,37.31612721709898,788,64,0.0,0.0,0.0,0.0,0.0,1
AS,5801,DEN,LAS,5,27,7,1392,1508,0.0,4.074691735251887,312,36,0.0,0.0,4.074691735251887,0.0,0.0,0
HA,1755,ORD,FLL,3,21,1,1132,1202,0.0,16.43188201382883,119,30,0.0,16.43188201382883,0.0,0.0,0.0,1
F9,9021,DEN,ATL,5,19,1,972,1502,26.492161991681975,41.07280814928841,2892,290,0.0,0.0,0.0,0.0,14.580646157606438,1
AA,2450,EWR,EWR,1,19,7,2340,233,13.373927002963324,13.373927002963324,1623,173,0.0,0.0,0.0,0.0,0.0,0
US,6107,DFW,EWR,12,27,2,2091,214,18.067912298697657,40.45580824512223,2814,283,0.0,22.387895946424567,0.0,0.0,0.0,1
DL,482,PHX,JFK,4,16,1,1788,2228,24.961284028010947,24.961284028010947,2351,240,0.0,0.0,0.0,0.0,0.0,1
AS,2883,JFK,LAS,5,25,2,933,1202,0.0,0.0,1489,149,0.0,0.0,0.0,0.0,0.0,0
UA,264,MSP,MIA,6,12,1,1475,1637,30.928250730649047,30.928250730649047,888,82,0.0,0.0,0.0,0.0,0.0,1
AA,9336,FLL,LGA,7,22,1,564,807,40.96312078040266,40.96312078040266,1114,123,0.0,0.0,0.0,0.0,0.0,1
AS,5391,MCO,FLL,3,27,1,1479,1837,31.10638939823931,31.10638939823931,1799,198,0.0,0.0,0.0,0.0,0.0,1
HA,8200,CLT,DFW,12,6,7,10,339,0.0,0.0,2401,209,0.0,0.0,0.0,0.0,0.0,0
DL,4708,SFO,FLL,4,5,3,2155,9,0.0,28.24122656562649,1270,134,0.0,0.0,0.0,0.0,28.24122656562649,1
WN,2177,FLL,LAS,5,2,7,1534,1718,5.249843880985931,5.249843880985931,1221,104,0.0,0.0,0.0,0.0,0.0,0
NK,9994,DTW,BOS,4,25,2,114,226,0.0,6.509006809911998,945,72,0.0,0.0,0.0,0.0,6.509006809911998,0
HA,3058,MCO,PHL,8,1,7,1428,1633,0.0,0.0,1261,125,0.0,0.0,0.0,0.0,0.0,0
DL,6021,DEN,LAX,10,7,2,536,828,0.0,0.0,1655,172,0.0,0.0,0.0,0.0,0.0,0
AA,7541,MCO,MIA,1,15,7,720,1221,13.479859354111785,13.479859354111785,2995,301,0.0,0.0,0.0,0.0,0.0,0
HA,2268,MSP,SEA,6,25,3,2265,48,15.04876892604723,19.679396350405707,1199,103,0.0,0.0,4.630627424358477,0.0,0.0,1
NK,180,ATL,FLL,12,24,2,779,1048,0.0,0.0,1432,149,0.0,0.0,0.0,0.0,0.0,0
F9,7986,MIA,EWR,3,18,1,311,355,0.0,0.0,296,44,0.0,0.0,0.0,0.0,0.0,0
B6,3900,LAX,MCO,4,15,5,809,930,38.967982933015094,38.967982933015094,520,81,0.0,0.0,0.0,0.0,0.0,1
AS,7750,PHL,PHX,8,26,2,1885,2056,0.0,0.0,910,91,0.0,0.0,0.0,0.0,0.0,0
WN,2868,ORD,JFK,1,19,7,840,955,1.8409094004346471,1.8409094004346471,763,75,0.0,0.0,0.0,0.0,0.0,0
UA,8858,DTW,JFK,2,9,3,1404,1837,1.7775695963033495,3.7805268951729154,2420,273,0.0,0.0,2.002957298869566,0.0,0.0,0
AA,2218,DFW,EWR,10,1,1,184,716,11.525268656251967,11.525268656251967,2700,292,0.0,0.0,0.0,0.0,0.0,0
DL,1533,LAS,PHL,12,23,5,1334,1601,47.08785773630588,47.08785773630588,1307,147,0.0,0.0,0.0,0.0,0.0,1
HA,1007,SFO,PHX,3,1,4,185,333,0.0,0.0,935,68,0.0,0.0,0.0,0.0,0.0,0
UA,5718,DTW,LAS,2,10,2,893,1017,0.0,0.0,437,44,0.0,0.0,0.0,0.0,0.0,0
AA,5567,LAS,ORD,12,23,7,1151,1526,1.9981621991502951,1.9981621991502951,1977,215,0.0,0.0,0.0,0.0,0.0,0
NK,8259,ATL,DFW,12,5,4,1887,30,11.145623123022908,11.145623123022908,2551,303,0.0,0.0,0.0,0.0,0.0,0
WN,8772,DEN,ATL,12,11,5,1123,1205,30.682842619175116,30.682842619175116,510,42,0.0,0.0,0.0,0.0,0.0,1
WN,1742,SEA,ATL,7,25,4,2282,359,13.700760310703691,13.700760310703691,2535,277,0.0,0.0,0.0,0.0,0.0,0
HA,5109,PHL,DFW,12,23,1,1111,1141,1.0667744254080418,1.0667744254080418,219,30,0.0,0.0,0.0,0.0,0.0,0
NK,5712,BOS,MSP,10,21,7,438,740,22.75615884586847,22.75615884586847,2093,182,0.0,0.0,0.0,0.0,0.0,1
F9,5342,LAX,PHL,8,4,3,769,921,14.895985594300893,14.895985594300893,526,72,0.0,0.0,0.0,0.0,0.0,0
UA,2917,PHX,JFK,11,12,7,377,741,17.382602832168565,17.382602832168565,2332,204,0.0,0.0,0.0,0.0,0.0,1
NK,6120,JFK,SEA,2,26,7,2280,2350,7.493452952646352,7.493452952646352,136,30,0.0,0.0,0.0,0.0,0.0,0
DL,8439,MIA,DEN,10,12,7,481,744,22.66380537790024,22.66380537790024,1216,143,0.0,0.0,0.0,0.0,0.0,1
DL,8187,SEA,ATL,10,19,3,930,1305,0.0,0.0,2283,215,0.0,0.0,0.0,0.0,0.0,0
HA,8037,DTW,PHL,8,3,4,958,1251,0.0,3.7291818826134193,1779,173,3.7291818826134193,0.0,0.0,0.0,0.0,0
NK,9215,PHL,PHX,1,27,5,227,528,0.0,0.0,1956,181,0.0,0.0,0.0,0.0,0.0,0
AA,241,CLT,SFO,5,6,4,2087,2235,0.0,10.461146126180868,782,68,0.0,0.0,0.0,0.0,10.461146126180868,0
HA,8822,DEN,FLL,4,7,7,1690,1800,14.731166661486277,14.731166661486277,394,30,0.0,0.0,0.0,0.0,0.0,0
AA,273,CLT,PHL,12,27,2,468,652,16.14003106835573,16.14003106835573,1230,104,0.0,0.0,0.0,0.0,0.0,1
HA,7145,SFO,ORD,12,24,1,1840,2111,15.046382639207609,15.046382639207609,1234,151,0.0,0.0,0.0,0.0,0.0,1
UA,9155,ORD,EWR,1,5,2,1552,1646,16.29332229285896,16.29332229285896,486,54,0.0,0.0,0.0,0.0,0.0,1
WN,9151,LGA,BOS,12,8,6,66,225,32.8938342611215,32.8938342611215,920,79,0.0,0.0,0.0,0.0,0.0,1
UA,795,PHL,SFO,1,25,1,1007,1037,19.197881053129265,19.197881053129265,280,30,0.0,0.0,0.0,0.0,0.0,1
NK,1497,MCO,PHX,12,23,6,491,950,28.94055617306634,54.050271505601245,2795,259,0.0,0.0,0.0,25.109715332534904,0.0,1
F9,178,DEN,PHL,8,23,5,1933,2230,3.2349302476625255,3.2349302476625255,1674,177,0.0,0.0,0.0,0.0,0.0,0
AS,8002,MIA,EWR,3,3,2,961,1533,31.74974406974962,31.74974406974962,2916,332,0.0,0.0,0.0,0.0,0.0,1
AS,8903,SEA,CLT,7,4,1,2004,2316,0.0,0.0,1738,192,0.0,0.0,0.0,0.0,0.0,0
AA,4669,ATL,DEN,3,13,4,1957,2202,0.22998058785365494,0.22998058785365494,903,125,0.0,0.0,0.0,0.0,0.0,0
US,4555,DFW,MIA,10,25,4,332,631,0.0,7.484112301438582,1778,179,0.0,0.0,7.484112301438582,0.0,0.0,0
AS,5749,FLL,ATL,12,25,1,1738,2056,1.7301975965267715,1.7301975965267715,1907,198,0.0,0.0,0.0,0.0,0.0,0
B6,5386,PHX,MIA,7,12,6,572,711,14.075608216705277,14.075608216705277,436,59,0.0,0.0,0.0,0.0,0.0,0
DL,1922,PHX,JFK,4,27,2,248,318,0.0,0.0,461,30,0.0,0.0,0.0,0.0,0.0,0
US,4635,BOS,DFW,5,25,1,205,401,0.0,0.0,1289,116,0.0,0.0,0.0,0.0,0.0,0
F9,3922,DTW,LAX,9,17,1,1677,2006,3.5704441257600115,3.5704441257600115,2023,169,0.0,0.0,0.0,0.0,0.0,0
US,4048,BOS,SEA,3,1,5,1947,2022,11.495625492471659,11.495625492471659,260,35,0.0,0.0,0.0,0.0,0.0,0
AS,4675,CLT,LGA,8,22,5,2095,150,0.0,0.0,2635,255,0.0,0.0,0.0,0.0,0.0,0
UA,2855,MCO,MCO,5,4,5,1748,2146,28.444910400020277,28.444910400020277,2596,238,0.0,0.0,0.0,0.0,0.0,1
B6,1745,LAX,LAX,1,27,1,761,1115,13.92839890794803,13.92839890794803,1988,194,0.0,0.0,0.0,0.0,0.0,0
HA,1597,MCO,DFW,11,2,5,212,316,3.558703280083514,3.558703280083514,768,64,0.0,0.0,0.0,0.0,0.0,0
HA,2689,BOS,PHX,10,19,7,1701,2133,9.143189445275537,16.39367862727086,2548,272,0.0,0.0,0.0,7.250489181995323,0.0,1
AA,3642,SFO,LGA,2,10,1,893,1102,9.957348688731997,9.957348688731997,732,89,0.0,0.0,0.0,0.0,0.0,0
HA,7601,PHX,DEN,4,9,6,1833,2304,39.37098433287878,39.37098433287878,2858,271,0.0,0.0,0.0,0.0,0.0,1
B6,2561,ORD,SEA,12,28,3,680,1124,0.45201833284913384,0.45201833284913384,2389,244,0.0,0.0,0.0,0.0,0.0,0
NK,1860,LGA,FLL,2,4,2,1574,1802,0.0,0.0,990,108,0.0,0.0,0.0,0.0,0.0,0
F9,5134,ATL,MSP,3,26,3,1022,1512,4.142154412518437,12.89250340073381,2901,290,0.0,0.0,8.750348988215373,0.0,0.0,0
AA,6478,ATL,DEN,11,5,6,404,911,45.2822537070459,45.2822537070459,2918,307,0.0,0.0,0.0,0.0,0.0,1
NK,4951,LAX,LAS,5,1,7,1902,2054,0.0,0.0,1063,112,0.0,0.0,0.0,0.0,0.0,0
UA,8551,FLL,LGA,4,12,1,624,708,42.528158010082386,48.28778754347479,378,44,5.759629533392404,0.0,0.0,0.0,0.0,1
DL,6223,JFK,DFW,7,20,7,1781,2200,15.470909679477572,15.470909679477572,2011,219,0.0,0.0,0.0,0.0,0.0,1
DL,3512,MCO,LAS,3,25,5,1709,2140,0.0,0.0,2868,271,0.0,0.0,0.0,0.0,0.0,0
NK,5486,MIA,SEA,8,7,1,1743,2039,3.2600929135539296,3.2600929135539296,1780,176,0.0,0.0,0.0,0.0,0.0,0
HA,1883,LAS,FLL,9,20,6,880,1313,0.0,0.0,2195,233,0.0,0.0,0.0,0.0,0.0,0
AA,4223,FLL,MIA,1,5,2,127,408,40.53818447052872,40.53818447052872,1421,161,0.0,0.0,0.0,0.0,0.0,1
HA,6730,DTW,DTW,4,20,6,2142,213,6.228093496348482,6.228093496348482,2720,271,0.0,0.0,0.0,0.0,0.0,0
AA,8759,CLT,PHL,9,18,6,1216,1800,21.84201906436932,27.28790581339648,2963,344,5.445886749027161,0.0,0.0,0.0,0.0,1
WN,706,MIA,MIA,7,20,5,1847,1949,17.25672886897233,42.84073841764304,1010,62,25.58400954867071,0.0,0.0,0.0,0.0,1
AA,5356,ATL,CLT,5,14,5,2299,100,26.030695711040195,26.030695711040195,582,81,0.0,0.0,0.0,0.0,0.0,1
B6,6147,SEA,MSP,6,25,4,496,606,0.0,11.114468059896202,296,30,0.0,0.0,0.0,11.114468059896202,0.0,0
B6,7746,LAX,PHX,1,4,3,2145,247,1.6237995341588949,1.6237995341588949,2576,302,0.0,0.0,0.0,0.0,0.0,0
AA,6528,DTW,LGA,1,17,7,719,751,12.397733778780669,12.397733778780669,321,32,0.0,0.0,0.0,0.0,0.0,0
DL,3727,MCO,MSP,8,10,2,2117,54,10.72029425175759,10.72029425175759,2570,217,0.0,0.0,0.0,0.0,0.0,0
UA,9200,MIA,ORD,4,11,6,1789,1859,0.0,0.0,230,30,0.0,0.0,0.0,0.0,0.0,0
HA,4559,SEA,EWR,9,15,5,1230,1313,13.009421695565248,20.54535045218423,406,43,0.0,0.0,0.0,0.0,7.5359287566189845,1
WN,9757,SFO,SEA,9,5,5,1857,2012,43.47148680164585,43.47148680164585,675,75,0.0,0.0,0.0,0.0,0.0,1
DL,8073,MIA,ORD,4,14,7,865,935,25.44619629945442,25.44619629945442,370,30,0.0,0.0,0.0,0.0,0.0,1
HA,3278,MCO,LAS,11,11,3,1537,1834,1.2277043621160644,1.2277043621160644,1526,177,0.0,0.0,0.0,0.0,0.0,0
B6,5530,LAS,EWR,10,24,5,753,903,5.636689827042932,5.636689827042932,574,70,0.0,0.0,0.0,0.0,0.0,0
HA,8660,JFK,MIA,8,4,1,1095,1515,12.393288192217575,12.393288192217575,2159,220,0.0,0.0,0.0,0.0,0.0,0
HA,8079,MSP,MIA,11,8,6,166,517,9.3689023011493,22.203756433393878,2038,191,12.834854132244576,0.0,0.0,0.0,0.0,1
NK,4881,DTW,LGA,9,28,6,1615,1916,1.4403436393450768,1.4403436393450768,2019,181,0.0,0.0,0.0,0.0,0.0,0
AA,458,MSP,CLT,9,13,7,18,416,0.0,0.0,2568,238,0.0,0.0,0.0,0.0,0.0,0
HA,7729,PHL,MSP,2,23,2,794,904,33.784810079120405,33.784810079120405,204,30,0.0,0.0,0.0,0.0,0.0,1
US,273,MSP,DTW,3,28,5,979,1232,24.959119038443106,24.959119038443106,1783,133,0.0,0.0,0.0,0.0,0.0,1
F9,5918,ORD,ORD,10,6,6,1989,2256,0.0,0.0,1318,147,0.0,0.0,0.0,0.0,0.0,0
UA,8544,DFW,MCO,4,11,4,1979,2327,13.249443198008024,13.249443198008024,1715,188,0.0,0.0,0.0,0.0,0.0,0
US,5388,BOS,JFK,11,24,1,1220,1508,13.072734151028289,13.072734151028289,1573,168,0.0,0.0,0.0,0.0,0.0,0
NK,4523,PHL,ORD,1,25,2,495,753,2.0046551434768567,23.895743099681788,1428,138,0.0,0.0,21.89108795620493,0.0,0.0,1
WN,4949,ATL,LGA,4,28,1,238,336,14.499743186581792,14.504262293787434,477,58,0.004519107205642747,0.0,0.0,0.0,0.0,0
F9,5563,PHX,BOS,8,24,7,55,433,16.534068119093003,16.534068119093003,2019,218,0.0,0.0,0.0,0.0,0.0,1
US,4412,FLL,LGA,4,18,2,1701,2005,16.241057771569096,16.241057771569096,1823,184,0.0,0.0,0.0,0.0,0.0,1
AA,6880,DTW,ATL,2,2,5,2070,2326,34.28309611626038,34.28309611626038,1268,136,0.0,0.0,0.0,0.0,0.0,1
DL,5275,JFK,DTW,9,28,5,95,409,19.2752829768147,19.2752829768147,1538,154,0.0,0.0,0.0,0.0,0.0,1
B6,665,LGA,LAX,12,7,1,815,936,16.890133023681674,16.890133023681674,1096,81,0.0,0.0,0.0,0.0,0.0,1
US,7863,ORD,PHX,9,22,3,1423,1911,0.0,0.0,2670,288,0.0,0.0,0.0,0.0,0.0,0
UA,1636,DTW,MIA,3,28,7,1123,1352,0.0,0.0,1237,149,0.0,0.0,0.0,0.0,0.0,0
HA,2739,PHX,EWR,12,20,2,2229,325,17.81329396287007,17.81329396287007,2951,296,0.0,0.0,0.0,0.0,0.0,1
NK,4002,DFW,BOS,8,16,1,1113,1359,0.0,0.0,1419,166,0.0,0.0,0.0,0.0,0.0,0
WN,9372,DTW,ORD,4,1,3,127,210,0.0,5.457329138677456,300,43,5.457329138677456,0.0,0.0,0.0,0.0,0
AA,2463,ORD,SFO,10,5,3,234,708,27.96921898450348,27.96921898450348,2860,274,0.0,0.0,0.0,0.0,0.0,1
NK,4597,ATL,EWR,7,28,4,1570,1940,0.0,0.0,2379,210,0.0,0.0,0.0,0.0,0.0,0
HA,8334,LAX,JFK,6,19,4,1003,1308,21.029204538400286,22.380205858121595,1886,185,0.0,0.0,0.0,0.0,1.351001319721309,1
AA,5567,MCO,SFO,11,21,4,448,636,27.08845455689569,43.25554351041314,1288,108,0.0,0.0,16.16708895351745,0.0,0.0,1
AA,9931,SFO,MCO,10,5,1,763,1001,0.0,0.0,1159,118,0.0,0.0,0.0,0.0,0.0,0
HA,8936,SFO,FLL,1,12,5,912,1001,0.0,0.0,648,49,0.0,0.0,0.0,0.0,0.0,0
B6,6654,PHX,MIA,5,6,4,271,459,9.823189364495558,9.823189364495558,999,108,0.0,0.0,0.0,0.0,0.0,0
DL,196,ATL,EWR,2,20,3,1485,1607,28.60540251114488,28.60540251114488,546,42,0.0,0.0,0.0,0.0,0.0,1
DL,871,ATL,LAS,9,24,2,1807,1936,0.0,0.0,1035,89,0.0,0.0,0.0,0.0,0.0,0
US,5554,PHX,PHL,2,26,6,2348,38,4.70251322303784,4.70251322303784,402,50,0.0,0.0,0.0,0.0,0.0,0
WN,9542,LGA,JFK,5,14,7,1718,2141,26.37763657809658,26.37763657809658,2596,263,0.0,0.0,0.0,0.0,0.0,1
NK,4817,JFK,MCO,11,3,7,333,428,34.821237409701325,34.821237409701325,649,55,0.0,0.0,0.0,0.0,0.0,1
HA,5821,DTW,BOS,9,13,5,1001,1340,9.999775832066222,9.999775832066222,1997,219,0.0,0.0,0.0,0.0,0.0,0
NK,8378,BOS,MCO,10,21,5,913,1139,10.053422756935289,48.96619892802262,1466,146,0.0,0.0,0.0,38.91277617108733,0.0,1
DL,3578,LGA,SEA,2,2,7,36,521,0.0,0.0,2745,285,0.0,0.0,0.0,0.0,0.0,0
WN,3006,MIA,FLL,8,25,1,651,1023,0.0,0.0,1958,212,0.0,0.0,0.0,0.0,0.0,0
WN,3373,MSP,DTW,10,14,3,2139,115,38.86971519168043,38.86971519168043,1943,216,0.0,0.0,0.0,0.0,0.0,1
AA,6313,SEA,PHX,11,25,2,2261,326,33.35007777383592,45.50738057947668,2829,265,0.0,0.0,12.15730280564076,0.0,0.0,1
F9,6827,SEA,DTW,4,7,4,2236,302,19.2193943270594,19.2193943270594,2659,266,0.0,0.0,0.0,0.0,0.0,1
DL,1531,DTW,PHX,12,1,4,2270,226,8.891597724712305,8.891597724712305,1756,196,0.0,0.0,0.0,0.0,0.0,0
US,3284,PHX,LAS,10,18,1,476,603,29.731764988035298,29.731764988035298,653,47,0.0,0.0,0.0,0.0,0.0,1
DL,6468,MCO,CLT,8,5,2,2153,200,0.0,0.0,2341,247,0.0,0.0,0.0,0.0,0.0,0
US,7146,LAX,SEA,12,16,7,439,730,19.040469081790143,19.040469081790143,1983,171,0.0,0.0,0.0,0.0,0.0,1
US,8376,DFW,DFW,11,20,1,896,1356,25.86390196770451,25.86390196770451,2509,260,0.0,0.0,0.0,0.0,0.0,1
AA,6298,DFW,SFO,6,12,1,1940,16,22.167241079831946,59.4430860536502,2711,276,0.0,0.0,0.0,37.27584497381825,0.0,1
WN,3519,MIA,LGA,12,11,5,676,1011,13.240067763407707,13.240067763407707,1878,175,0.0,0.0,0.0,0.0,0.0,0
WN,279,LAS,PHX,1,6,2,576,1027,10.803961664171654,22.046469813325288,2763,251,0.0,0.0,11.242508149153636,0.0,0.0,1
UA,5414,MCO,MIA,10,4,2,1339,1610,23.95521073819006,23.95521073819006,1372,151,0.0,0.0,0.0,0.0,0.0,1
NK,9011,ORD,CLT,3,7,3,546,652,1.1089247447992552,16.52937872722854,526,66,0.0,15.420453982429287,0.0,0.0,0.0,1
US,8483,MSP,DEN,1,28,1,640,1022,1.1339858682847002,1.1339858682847002,2132,222,0.0,0.0,0.0,0.0,0.0,0
AS,7684,SEA,LAX,3,8,6,1440,1510,10.203875889372792,10.203875889372792,482,30,0.0,0.0,0.0,0.0,0.0,0
WN,1899,PHL,MIA,5,22,6,1982,2211,0.0,0.0,1322,109,0.0,0.0,0.0,0.0,0.0,0
DL,2427,DEN,DEN,2,18,4,1530,1740,19.582319061054275,25.91126918669542,1617,130,0.0,0.0,0.0,0.0,6.328950125641147,1
HA,2863,DTW,DEN,6,11,2,817,1218,20.402473685431186,20.402473685431186,2275,241,0.0,0.0,0.0,0.0,0.0,1
US,7276,PHL,DFW,5,15,5,342,458,0.0,0.0,722,76,0.0,0.0,0.0,0.0,0.0,0
AA,7854,EWR,DEN,11,13,4,230,655,4.1281626108154965,4.1281626108154965,2664,265,0.0,0.0,0.0,0.0,0.0,0
F9,6796,PHX,DTW,11,18,4,361,728,22.411804473892623,22.411804473892623,2611,207,0.0,0.0,0.0,0.0,0.0,1
B6,2865,SEA,PHL,11,23,2,2313,156,34.96769724746535,34.96769724746535,1892,163,0.0,0.0,0.0,0.0,0.0,1
NK,1851,EWR,ATL,5,20,5,756,1141,32.9860296894272,32.9860296894272,2562,225,0.0,0.0,0.0,0.0,0.0,1
NK,686,ORD,PHX,11,21,1,1627,2019,0.0,15.041934641339093,2385,232,10.111271075706474,0.0,4.930663565632619,0.0,0.0,1
DL,7117,ATL,DFW,10,11,4,213,433,25.29944517341048,25.29944517341048,1459,140,0.0,0.0,0.0,0.0,0.0,1
UA,9966,JFK,SEA,7,4,4,2099,24,3.6049975045626246,3.6049975045626246,1614,165,0.0,0.0,0.0,0.0,0.0,0
AS,599,PHL,SEA,11,11,3,607,659,12.223965196332227,25.10017076616117,181,52,12.876205569828942,0.0,0.0,0.0,0.0,1
NK,4272,ORD,CLT,2,1,6,1548,1826,3.452197491928409,3.452197491928409,1481,158,0.0,0.0,0.0,0.0,0.0,0
WN,3387,FLL,ORD,10,27,3,742,906,2.3925445905081464,2.3925445905081464,637,84,0.0,0.0,0.0,0.0,0.0,0
AS,8112,FLL,MIA,12,8,4,29,411,6.149144613073865,6.149144613073865,1978,222,0.0,0.0,0.0,0.0,0.0,0
AA,5024,LAX,DFW,4,10,2,2202,2240,8.751536908837503,8.751536908837503,262,38,0.0,0.0,0.0,0.0,0.0,0
B6,6901,MSP,DTW,10,21,5,1025,1440,11.976089948852952,12.218636110578409,2543,255,0.0,0.0,0.0,0.0,0.24254616172545695,0
AA,4801,ORD,SEA,8,28,4,588,712,0.0,0.7528022787999875,745,44,0.0,0.0,0.0,0.0,0.7528022787999875,0
DL,3836,SEA,MIA,6,24,6,1970,2115,0.0,0.0,452,65,0.0,0.0,0.0,0.0,0.0,0
HA,5456,PHL,ORD,4,20,3,1447,1725,26.409107875507903,34.21064628012016,1569,158,0.0,0.0,0.0,0.0,7.801538404612259,1
DL,7111,PHX,LGA,3,15,5,897,1007,33.78091469799308,33.78091469799308,171,30,0.0,0.0,0.0,0.0,0.0,1
UA,9458,EWR,LGA,3,8,6,1880,2247,32.67831483245807,32.67831483245807,2338,207,0.0,0.0,0.0,0.0,0.0,1
UA,2379,DFW,MIA,5,12,5,1477,1643,32.14165585030323,32.14165585030323,981,86,0.0,0.0,0.0,0.0,0.0,1
F9,8607,DEN,SFO,1,22,4,568,802,4.862925871523392,16.43638847760884,1086,114,0.0,0.0,0.0,0.0,11.573462606085448,1
UA,5140,LAX,CLT,4,13,2,782,852,26.077143733965762,26.077143733965762,194,30,0.0,0.0,0.0,0.0,0.0,1
F9,6890,BOS,PHL,9,9,5,1518,1622,0.0,0.0,736,64,0.0,0.0,0.0,0.0,0.0,0
WN,6396,MCO,LGA,11,16,2,950,1423,7.60121319001704,7.60121319001704,2677,273,0.0,0.0,0.0,0.0,0.0,0
DL,2971,SFO,FLL,9,18,2,2154,126,14.400261115073459,16.619135890233782,2236,212,2.218874775160324,0.0,0.0,0.0,0.0,1
B6,705,PHX,ATL,12,28,3,1910,2238,0.0,0.0,2273,208,0.0,0.0,0.0,0.0,0.0,0
DL,1619,ORD,ATL,1,14,6,7,251,0.0,0.0,1441,164,0.0,0.0,0.0,0.0,0.0,0
WN,5716,DFW,BOS,4,18,1,507,843,6.877779251939081,6.877779251939081,1853,216,0.0,0.0,0.0,0.0,0.0,0
DL,5925,MIA,FLL,10,5,4,350,713,18.60056096232929,18.60056096232929,2305,203,0.0,0.0,0.0,0.0,0.0,1
F9,4100,PHL,PHL,3,17,4,2158,22,0.0,0.0,1691,144,0.0,0.0,0.0,0.0,0.0,0
US,7060,LAX,LAX,8,10,6,81,254,9.057562357404969,9.057562357404969,1160,93,0.0,0.0,0.0,0.0,0.0,0
B6,8959,ATL,JFK,7,14,1,656,1053,6.35540241491417,6.35540241491417,2502,237,0.0,0.0,0.0,0.0,0.0,0
UA,7663,ORD,ATL,9,22,7,535,946,0.0,13.977378918506657,2812,251,0.0,0.0,13.977378918506657,0.0,0.0,0
US,2721,LGA,JFK,4,20,2,1126,1457,11.490231032108277,11.490231032108277,1937,211,0.0,0.0,0.0,0.0,0.0,0
UA,2636,ATL,ATL,5,8,2,258,727,0.0,0.0,2648,269,0.0,0.0,0.0,0.0,0.0,0
NK,3082,LAS,ORD,2,21,4,1034,1503,7.887768754521516,7.887768754521516,2593,269,0.0,0.0,0.0,0.0,0.0,0
B6,9156,DEN,ORD,3,15,7,1833,2256,6.501398713034295,6.501398713034295,2471,263,0.0,0.0,0.0,0.0,0.0,0
US,9122,EWR,SEA,9,4,5,576,915,0.0,26.459467557591637,1770,179,0.0,0.0,0.0,26.459467557591637,0.0,1
HA,9029,LAS,FLL,3,4,6,327,439,6.356445176021207,6.356445176021207,882,72,0.0,0.0,0.0,0.0,0.0,0
WN,2920,LAX,DTW,2,18,5,2117,11,6.891688965842007,6.891688965842007,1673,174,0.0,0.0,0.0,0.0,0.0,0
UA,5961,FLL,CLT,9,27,5,749,1049,8.160929170247249,8.160929170247249,2092,180,0.0,0.0,0.0,0.0,0.0,0
AS,5649,MIA,DTW,5,3,1,565,808,37.19387123550091,37.19387123550091,1044,123,0.0,0.0,0.0,0.0,0.0,1
NK,3199,PHL,DTW,4,28,3,2022,2224,16.13015387430623,16.13015387430623,1404,122,0.0,0.0,0.0,0.0,0.0,1
WN,7315,MCO,FLL,5,16,4,886,1407,2.5060710546566174,2.5060710546566174,2992,281,0.0,0.0,0.0,0.0,0.0,0
B6,466,SEA,MSP,4,27,3,1926,2320,20.23933036281237,20.23933036281237,2254,234,0.0,0.0,0.0,0.0,0.0,1
WN,5039,LAS,ORD,4,10,1,409,948,6.969159673489232,6.969159673489232,2823,339,0.0,0.0,0.0,0.0,0.0,0
B6,3254,SEA,DEN,1,5,3,2222,138,3.816533137577238,3.816533137577238,2391,196,0.0,0.0,0.0,0.0,0.0,0
WN,5468,LAX,SEA,12,24,5,2311,2,0.0,0.0,225,51,0.0,0.0,0.0,0.0,0.0,0
B6,7241,DTW,CLT,2,2,5,2283,140,11.274301756090047,11.274301756090047,1529,137,0.0,0.0,0.0,0.0,0.0,0
AA,2008,EWR,DTW,1,15,5,2326,2356,16.61477958422258,16.61477958422258,210,30,0.0,0.0,0.0,0.0,0.0,1
DL,7972,SFO,MIA,12,13,7,2266,119,4.2984488702285475,4.2984488702285475,1652,133,0.0,0.0,0.0,0.0,0.0,0
UA,1207,PHL,MSP,1,19,4,1789,1922,16.22699935212308,16.22699935212308,890,53,0.0,0.0,0.0,0.0,0.0,1
AA,1329,SEA,PHX,12,5,6,1929,2059,38.314084609502544,38.314084609502544,952,90,0.0,0.0,0.0,0.0,0.0,1
WN,1790,DFW,MSP,2,2,6,669,913,10.092703465188983,10.092703465188983,1369,124,0.0,0.0,0.0,0.0,0.0,0
US,2606,BOS,ATL,4,8,1,142,551,7.453304480104902,7.453304480104902,2500,249,0.0,0.0,0.0,0.0,0.0,0
B6,9303,ATL,MSP,2,12,5,287,830,0.0,0.0,2831,303,0.0,0.0,0.0,0.0,0.0,0
UA,102,ORD,ORD,9,20,3,1084,1448,14.756520382053129,14.756520382053129,1868,204,0.0,0.0,0.0,0.0,0.0,0
F9,7518,ORD,BOS,7,26,7,453,745,17.491969555156267,17.491969555156267,1683,172,0.0,0.0,0.0,0.0,0.0,1
WN,8972,LAS,CLT,3,26,3,2302,347,20.254839158147437,45.214635142223216,2987,285,2.658300068386659,22.301495915689124,0.0,0.0,0.0,1
UA,9990,PHX,PHL,6,11,2,1224,1643,12.927695632624907,26.014890074423388,2233,259,13.08719444179848,0.0,0.0,0.0,0.0,1
WN,3861,LGA,DFW,1,28,7,1441,1809,19.209046833304328,58.856982361775735,2003,208,13.669188874207345,25.978746654264064,0.0,0.0,0.0,1
US,6016,PHX,SEA,10,19,2,1543,1851,2.5633862570767674,2.5633862570767674,1622,188,0.0,0.0,0.0,0.0,0.0,0
AS,295,ATL,BOS,8,2,1,1059,1531,42.564508858510216,58.381923843841456,2755,272,0.0,0.0,0.0,15.817414985331242,0.0,1
WN,3926,FLL,ORD,6,24,3,1268,1707,8.398272781858807,11.703004083426741,2268,239,0.0,3.3047313015679345,0.0,0.0,0.0,0
AA,5868,LGA,MCO,3,18,2,214,437,0.0,4.890252905123998,1363,143,4.890252905123998,0.0,0.0,0.0,0.0,0
US,9334,JFK,DEN,6,19,7,294,732,0.0,13.39315992283354,2642,238,7.124137835469382,0.0,6.269022087364157,0.0,0.0,0
UA,1977,LAS,PHL,6,4,5,1543,1908,4.759872794603947,4.759872794603947,2176,205,0.0,0.0,0.0,0.0,0.0,0
US,879,DTW,SEA,9,22,4,94,228,16.237956478661605,16.237956478661605,718,54,0.0,0.0,0.0,0.0,0.0,1
AA,2425,MCO,DEN,4,11,2,2132,2212,25.919035494596873,25.919035494596873,524,40,0.0,0.0,0.0,0.0,0.0,1
F9,2195,PHX,SEA,1,15,2,243,418,0.0,0.0,855,95,0.0,0.0,0.0,0.0,0.0,0
UA,1608,ATL,MCO,1,27,4,347,541,16.60561122959211,16.60561122959211,1174,114,0.0,0.0,0.0,0.0,0.0,1
F9,3215,PHX,SFO,5,19,7,1756,1946,46.54772276040952,46.54772276040952,935,110,0.0,0.0,0.0,0.0,0.0,1
DL,5754,SEA,LAS,7,24,7,1667,1843,25.964859765986674,25.964859765986674,936,96,0.0,0.0,0.0,0.0,0.0,1
F9,4605,ORD,EWR,8,6,6,1572,1802,20.672869669843266,29.106060881052493,1003,110,8.433191211209227,0.0,0.0,0.0,0.0,1
DL,3945,MSP,BOS,8,19,4,1817,1906,9.082939319308318,9.082939319308318,536,49,0.0,0.0,0.0,0.0,0.0,0
AA,7513,FLL,SFO,2,19,2,2298,116,10.478977055478735,32.36308045687263,1254,98,0.0,0.0,0.0,21.884103401393894,0.0,1
AA,4021,LAX,EWR,10,2,1,1217,1313,20.298002435618578,20.298002435618578,734,56,0.0,0.0,0.0,0.0,0.0,1
B6,3976,FLL,BOS,6,26,6,2274,12,0.0,7.518708636067348,387,58,0.0,0.0,0.0,0.0,7.518708636067348,0
NK,5712,EWR,MCO,1,25,2,2166,26,23.76812845286005,37.337017514055375,1289,140,11.020960301795574,0.0,0.0,0.0,2.547928759399751,1
UA,9920,DTW,JFK,3,10,4,2005,2035,31.551632042507396,55.90260524356544,274,30,0.0,0.0,0.0,0.0,24.350973201058043,1
DL,3932,DTW,FLL,11,27,5,1900,2056,15.0946909890215,15.0946909890215,1199,116,0.0,0.0,0.0,0.0,0.0,1
HA,1203,JFK,SEA,5,14,5,98,525,13.558444031205362,20.289024376037315,2102,227,6.730580344831952,0.0,0.0,0.0,0.0,1
WN,5642,MIA,MIA,8,25,7,79,220,10.982562401447492,10.982562401447492,543,61,0.0,0.0,0.0,0.0,0.0,0
HA,1723,BOS,ORD,2,4,3,1164,1354,0.0,0.0,1209,110,0.0,0.0,0.0,0.0,0.0,0
AA,2688,LAS,DEN,9,16,4,1677,1938,6.358008052874038,6.358008052874038,1377,141,0.0,0.0,0.0,0.0,0.0,0
HA,8602,EWR,EWR,2,23,4,339,747,36.98541261048975,36.98541261048975,2553,248,0.0,0.0,0.0,0.0,0.0,1
B6,8848,FLL,SFO,2,8,3,1152,1311,26.137330720751628,26.137330720751628,575,79,0.0,0.0,0.0,0.0,0.0,1
NK,6416,LAS,FLL,3,2,4,284,752,19.273634109824798,19.273634109824798,2743,268,0.0,0.0,0.0,0.0,0.0,1
B6,3837,LAX,LAS,11,1,2,1295,1505,0.5198136479586815,0.5198136479586815,712,90,0.0,0.0,0.0,0.0,0.0,0
US,5974,MSP,JFK,5,9,6,1094,1434,20.77839875317587,24.89041515032689,1459,180,0.0,0.0,0.0,0.0,4.11201639715102,1
AA,849,DFW,MSP,6,19,6,323,659,4.3348295271508075,4.3348295271508075,1924,216,0.0,0.0,0.0,0.0,0.0,0
B6,5104,LGA,PHX,5,16,1,888,1256,0.0,0.0,1906,208,0.0,0.0,0.0,0.0,0.0,0
AS,1927,MSP,FLL,6,17,2,1538,1845,15.685793357006169,15.685793357006169,2096,187,0.0,0.0,0.0,0.0,0.0,1
UA,213,DEN,LAX,3,27,2,242,619,13.61958120979702,57.48205464148907,1830,217,14.136130673298842,29.72634275839321,0.0,0.0,0.0,1
AA,2025,ATL,MCO,8,6,6,1902,1932,0.0,0.0,213,30,0.0,0.0,0.0,0.0,0.0,0
UA,4912,BOS,CLT,9,23,5,249,609,5.539298709034945,5.539298709034945,1710,200,0.0,0.0,0.0,0.0,0.0,0
HA,8648,FLL,FLL,4,8,3,363,726,29.559515860885092,29.559515860885092,2165,203,0.0,0.0,0.0,0.0,0.0,1
UA,2968,MIA,JFK,1,24,1,2178,10,0.0,0.0,1071,112,0.0,0.0,0.0,0.0,0.0,0
DL,340,LAX,SEA,1,1,4,2227,234,0.0,0.0,2369,247,0.0,0.0,0.0,0.0,0.0,0
UA,7279,MIA,EWR,11,1,3,1948,22,47.97739181839502,47.97739181839502,2390,274,0.0,0.0,0.0,0.0,0.0,1
DL,8195,LAS,LGA,4,11,6,1580,1819,17.521785447887,17.521785447887,796,119,0.0,0.0,0.0,0.0,0.0,1
AS,2659,LGA,PHL,1,3,4,1000,1251,5.215117656775485,5.215117656775485,1538,171,0.0,0.0,0.0,0.0,0.0,0
HA,3565,JFK,CLT,12,12,4,638,759,11.893947671957209,11.893947671957209,630,81,0.0,0.0,0.0,0.0,0.0,0
HA,9543,SEA,LAX,6,13,6,1639,1821,0.0,0.0,1131,102,0.0,0.0,0.0,0.0,0.0,0
US,1226,ORD,BOS,4,7,4,1804,2210,10.485654426677089,10.485654426677089,2066,246,0.0,0.0,0.0,0.0,0.0,0
HA,1240,SEA,EWR,5,25,2,1796,2209,11.750746415973792,11.750746415973792,1792,213,0.0,0.0,0.0,0.0,0.0,0
AA,9956,PHL,ORD,3,9,1,1663,1733,13.997945913970835,13.997945913970835,180,30,0.0,0.0,0.0,0.0,0.0,0
US,6121,MSP,DEN,3,15,6,2342,12,9.315605240704421,9.315605240704421,381,30,0.0,0.0,0.0,0.0,0.0,0
HA,4501,LAS,DFW,4,16,2,1976,45,0.0,0.0,2880,269,0.0,0.0,0.0,0.0,0.0,0
F9,7231,MSP,ORD,9,25,3,349,514,1.341223332687166,1.341223332687166,623,85,0.0,0.0,0.0,0.0,0.0,0
UA,8365,DFW,LGA,6,18,6,1952,2059,0.0,0.0,656,67,0.0,0.0,0.0,0.0,0.0,0
F9,2466,DEN,LAX,8,22,7,1040,1303,37.840492708721314,37.840492708721314,1765,143,0.0,0.0,0.0,0.0,0.0,1
NK,8892,DTW,MCO,12,27,1,1757,2029,0.0,0.0,1462,152,0.0,0.0,0.0,0.0,0.0,0
UA,331,PHX,DFW,7,22,4,628,814,17.197094967403167,17.197094967403167,1317,106,0.0,0.0,0.0,0.0,0.0,1
AS,8940,MIA,MCO,9,15,4,2123,2206,7.035253222938454,7.035253222938454,546,43,0.0,0.0,0.0,0.0,0.0,0
HA,9860,PHX,BOS,10,15,5,2165,11,0.0,0.0,1051,126,0.0,0.0,0.0,0.0,0.0,0
US,2065,MSP,ATL,7,1,2,1576,1646,3.088177500230362,9.723484791861281,187,30,0.0,0.0,0.0,0.0,6.6353072916309195,0
AS,8979,LAX,PHL,3,19,4,1517,1935,0.0,0.0,2713,258,0.0,0.0,0.0,0.0,0.0,0
UA,9916,MSP,LAS,3,6,6,465,947,0.0,0.0,2333,282,0.0,0.0,0.0,0.0,0.0,0
UA,9323,DFW,MSP,4,8,4,357,901,12.835164138545144,12.835164138545144,2547,304,0.0,0.0,0.0,0.0,0.0,0
AS,993,MSP,CLT,4,6,5,2129,203,9.525898329224933,9.525898329224933,2554,274,0.0,0.0,0.0,0.0,0.0,0
US,6548,LAS,MIA,3,1,3,98,345,21.63107473854605,21.63107473854605,1089,127,0.0,0.0,0.0,0.0,0.0,1
AA,2774,MCO,LAX,5,12,6,40,110,42.77555839896563,42.77555839896563,280,30,0.0,0.0,0.0,0.0,0.0,1
NK,9254,MIA,PHL,5,11,6,869,1114,10.39407563915098,10.39407563915098,1242,125,0.0,0.0,0.0,0.0,0.0,0
UA,9805,LGA,MSP,5,4,6,405,600,0.0,0.0,974,115,0.0,0.0,0.0,0.0,0.0,0
NK,8684,DEN,PHX,7,17,2,2007,2155,0.0,0.0,1335,108,0.0,0.0,0.0,0.0,0.0,0
UA,5046,LAX,FLL,8,6,1,485,837,0.0,0.0,2249,192,0.0,0.0,0.0,0.0,0.0,0
HA,9944,SFO,SEA,10,23,6,2148,20,57.94854076289054,57.94854076289054,1500,152,0.0,0.0,0.0,0.0,0.0,1
NK,8733,SFO,DFW,10,27,5,397,943,6.2070297473922675,6.2070297473922675,2936,306,0.0,0.0,0.0,0.0,0.0,0
UA,1576,LAX,BOS,10,20,2,93,516,12.473656012370105,12.473656012370105,2396,223,0.0,0.0,0.0,0.0,0.0,0
F9,3498,ATL,MSP,10,9,5,2097,216,3.4921736887640042,24.630151494052075,2860,279,0.0,0.0,21.13797780528807,0.0,0.0,1
AS,6336,BOS,DEN,11,22,6,1354,1910,17.567888127465032,17.567888127465032,2817,316,0.0,0.0,0.0,0.0,0.0,1
DL,4864,SFO,CLT,8,16,2,587,814,15.258009891217696,15.258009891217696,940,107,0.0,0.0,0.0,0.0,0.0,1
US,3126,LAS,FLL,1,20,7,1176,1532,37.142381391754135,44.37218437603808,1764,196,0.0,0.0,0.0,0.0,7.229802984283939,1
F9,6408,FLL,DTW,9,21,3,1676,1923,12.755292435805238,30.53458558553728,1641,127,0.0,17.77929314973204,0.0,0.0,0.0,1
AS,4533,PHL,DEN,1,13,6,310,738,0.0,0.0,2517,268,0.0,0.0,0.0,0.0,0.0,0
UA,2097,SFO,LGA,11,9,2,533,603,1.5748983039767719,1.5748983039767719,291,30,0.0,0.0,0.0,0.0,0.0,0
UA,8368,MIA,BOS,8,26,1,2241,33,6.70150105446767,19.500637325847627,1073,112,0.0,0.0,0.0,0.0,12.79913627137996,1
US,6936,FLL,PHL,12,18,2,1457,1855,0.0,0.0,2711,238,0.0,0.0,0.0,0.0,0.0,0
AA,2866,SFO,DFW,8,24,5,232,545,0.0,0.0,1886,193,0.0,0.0,0.0,0.0,0.0,0
HA,7056,SEA,MCO,10,20,4,1090,1327,16.16749209610623,16.16749209610623,1178,117,0.0,0.0,0.0,0.0,0.0,1
US,8730,DFW,BOS,8,16,7,715,1014,15.576538498499273,15.576538498499273,1747,179,0.0,0.0,0.0,0.0,0.0,1
NK,7348,CLT,DTW,7,6,2,1808,2050,15.975441986886995,29.882866155075945,1716,162,13.90742416818895,0.0,0.0,0.0,0.0,1
AA,4200,DEN,LGA,8,22,2,566,957,22.1899522578916,39.38630110934804,2389,231,17.196348851456435,0.0,0.0,0.0,0.0,1
NK,2570,BOS,DEN,10,27,2,1560,1731,2.3006573344862433,2.3006573344862433,993,91,0.0,0.0,0.0,0.0,0.0,0
HA,1486,ATL,LAX,9,8,3,529,922,21.98862020527746,56.11896683259232,2423,233,0.0,34.130346627314864,0.0,0.0,0.0,1
AA,2681,ATL,MSP,9,20,2,2292,239,8.044451890673336,8.044451890673336,1932,187,0.0,0.0,0.0,0.0,0.0,0
NK,444,FLL,DFW,8,18,5,1733,1809,8.638429933670905,13.798583653958625,312,36,5.16015372028772,0.0,0.0,0.0,0.0,0
AS,1391,PHX,LAX,7,23,6,904,1249,10.027083355293867,10.027083355293867,2171,225,0.0,0.0,0.0,0.0,0.0,0
AS,6779,BOS,MCO,11,25,5,1661,1805,12.567883391054487,12.567883391054487,407,64,0.0,0.0,0.0,0.0,0.0,0
WN,5821,LAX,DEN,7,25,1,993,1114,14.229927655569565,45.086766536453254,296,41,0.0,30.856838880883686,0.0,0.0,0.0,1
US,7050,SEA,MSP,6,17,3,1666,1919,22.501465199474232,22.501465199474232,1373,133,0.0,0.0,0.0,0.0,0.0,1
US,5221,LGA,CLT,7,20,6,1841,2142,15.055826839568741,15.055826839568741,1936,181,0.0,0.0,0.0,0.0,0.0,1
UA,8286,PHX,JFK,1,28,5,745,1121,0.0,0.0,2037,216,0.0,0.0,0.0,0.0,0.0,0
WN,2126,ATL,DTW,5,16,1,331,518,22.27954828029799,22.27954828029799,920,107,0.0,0.0,0.0,0.0,0.0,1
US,8372,MCO,BOS,3,15,5,1815,2239,30.452165350000453,30.452165350000453,2644,264,0.0,0.0,0.0,0.0,0.0,1
UA,9642,LAS,DFW,2,27,3,2280,200,20.04053537496487,20.04053537496487,1409,160,0.0,0.0,0.0,0.0,0.0,1
B6,5580,LAX,FLL,11,12,4,1741,1834,5.350963864682844,5.350963864682844,157,53,0.0,0.0,0.0,0.0,0.0,0
HA,1908,BOS,CLT,9,3,6,149,250,17.041347932881045,17.041347932881045,710,61,0.0,0.0,0.0,0.0,0.0,1
B6,2678,ATL,FLL,1,16,6,1785,2314,6.197433382162373,6.197433382162373,2835,289,0.0,0.0,0.0,0.0,0.0,0
US,7533,JFK,DFW,2,24,5,1067,1342,11.93702861536377,11.93702861536377,1457,155,0.0,0.0,0.0,0.0,0.0,0
US,1506,MSP,DEN,8,23,6,1067,1531,33.21333024874285,33.21333024874285,2614,264,0.0,0.0,0.0,0.0,0.0,1
F9,4109,LAS,EWR,9,6,5,336,423,24.705537248362276,28.14637580822599,263,47,0.0,0.0,3.440838559863712,0.0,0.0,1
NK,8461,FLL,DEN,11,5,2,396,758,17.91384983648906,17.91384983648906,2060,202,0.0,0.0,0.0,0.0,0.0,1
AA,2770,DFW,PHL,6,15,4,1231,1301,0.0,0.0,418,30,0.0,0.0,0.0,0.0,0.0,0
AS,1343,MCO,EWR,2,23,3,2300,248,24.773939806909006,24.773939806909006,2352,228,0.0,0.0,0.0,0.0,0.0,1
AA,2016,DEN,MSP,9,20,2,302,332,17.289258794034723,17.289258794034723,162,30,0.0,0.0,0.0,0.0,0.0,1
AA,7626,DFW,MCO,5,15,1,1298,1435,5.658692552023907,5.658692552023907,702,57,0.0,0.0,0.0,0.0,0.0,0
AS,5198,ORD,MCO,5,22,6,1873,2220,19.029208691738805,19.029208691738805,1669,187,0.0,0.0,0.0,0.0,0.0,1
DL,6681,PHL,DFW,1,15,7,820,1338,0.0,0.0,2914,318,0.0,0.0,0.0,0.0,0.0,0
UA,8977,BOS,PHX,1,24,2,1579,1956,9.60877531209301,9.60877531209301,2344,217,0.0,0.0,0.0,0.0,0.0,0
NK,8586,CLT,LGA,8,27,7,1493,1756,25.872191901567525,33.1151117389913,1520,143,7.242919837423775,0.0,0.0,0.0,0.0,1
NK,1516,ORD,LGA,10,26,6,680,931,0.0,0.0,1459,131,0.0,0.0,0.0,0.0,0.0,0
UA,8595,DFW,ORD,4,20,6,739,918,0.0,0.0,1073,99,0.0,0.0,0.0,0.0,0.0,0
UA,3204,DEN,MSP,12,5,5,6,210,22.586221413506443,22.586221413506443,1181,124,0.0,0.0,0.0,0.0,0.0,1
NK,8059,LGA,MSP,4,23,3,464,856,25.138826259757558,25.138826259757558,2331,232,0.0,0.0,0.0,0.0,0.0,1
NK,5112,MCO,MIA,9,28,1,256,342,1.123120088145109,1.123120088145109,110,46,0.0,0.0,0.0,0.0,0.0,0
HA,7710,LAS,DFW,2,2,2,189,342,18.48452992934605,18.48452992934605,649,73,0.0,0.0,0.0,0.0,0.0,1
UA,14,MCO,LAS,1,5,1,20,152,0.0,0.0,1131,92,0.0,0.0,0.0,0.0,0.0,0
HA,5520,MCO,DTW,7,28,4,1314,1644,22.29755822897711,22.29755822897711,2184,210,0.0,0.0,0.0,0.0,0.0,1
F9,6107,MIA,EWR,6,10,2,579,936,9.536595807116596,9.536595807116596,2046,197,0.0,0.0,0.0,0.0,0.0,0
AS,260,DFW,MSP,5,11,6,2189,2352,10.124465435867846,10.124465435867846,1028,83,0.0,0.0,0.0,0.0,0.0,0
US,7269,LGA,EWR,3,2,1,1023,1302,7.915693516280095,22.824211909841623,1706,159,0.0,0.0,4.875651929715234,0.0,10.032866463846295,1
B6,8574,ATL,SEA,4,27,5,1111,1551,0.0,0.0,2796,280,0.0,0.0,0.0,0.0,0.0,0
WN,3783,LGA,PHX,6,22,7,210,616,0.0,0.0,2553,246,0.0,0.0,0.0,0.0,0.0,0
WN,7117,MCO,MSP,10,20,5,482,841,0.0,0.0,1929,199,0.0,0.0,0.0,0.0,0.0,0
F9,9563,PHX,CLT,10,22,6,2299,9,0.0,21.943816984825173,183,30,0.0,0.0,5.456861996309724,0.0,16.48695498851545,1
UA,2482,MIA,DFW,7,28,3,812,1212,22.316950646362947,22.316950646362947,2398,240,0.0,0.0,0.0,0.0,0.0,1
DL,2819,DFW,LAX,11,5,4,277,407,36.612175617925715,39.15006731014641,700,50,2.5378916922207004,0.0,0.0,0.0,0.0,1
NK,6550,PHX,DFW,2,19,1,159,606,15.71358806522376,15.71358806522376,2172,247,0.0,0.0,0.0,0.0,0.0,1
AS,4699,PHX,SEA,5,14,3,31,513,0.0,0.0,2377,282,0.0,0.0,0.0,0.0,0.0,0
AS,6514,BOS,PHL,7,6,1,1512,1939,0.0,1.1964212523187046,2651,267,1.1964212523187046,0.0,0.0,0.0,0.0,0
HA,2696,MCO,PHL,10,16,1,1396,1611,0.0,11.180463607195023,1320,95,0.0,0.0,0.0,0.0,11.180463607195023,0
DL,935,MIA,MSP,4,19,2,788,858,10.731240193150363,10.731240193150363,200,30,0.0,0.0,0.0,0.0,0.0,0
UA,5519,SFO,JFK,1,20,3,58,405,20.273344653713977,20.273344653713977,1898,187,0.0,0.0,0.0,0.0,0.0,1
AA,7974,CLT,PHL,1,23,5,678,1053,0.0,0.0,2228,215,0.0,0.0,0.0,0.0,0.0,0
NK,2206,LAX,DFW,1,13,5,1796,2121,0.0,0.0,1841,165,0.0,0.0,0.0,0.0,0.0,0
DL,2477,SFO,PHX,6,10,1,1051,1122,40.854770700906194,40.854770700906194,282,31,0.0,0.0,0.0,0.0,0.0,1
HA,3647,DTW,LGA,6,5,1,1178,1359,9.812068027059047,9.812068027059047,912,101,0.0,0.0,0.0,0.0,0.0,0
DL,360,DEN,FLL,2,27,5,70,153,19.300360735563682,28.001172012453225,392,43,0.0,0.0,0.0,0.0,8.700811276889544,1
WN,3391,LGA,MCO,7,2,4,2112,122,13.110413872599565,13.110413872599565,2720,250,0.0,0.0,0.0,0.0,0.0,0
US,9052,LAX,CLT,6,7,6,209,312,32.906688197981865,32.906688197981865,580,63,0.0,0.0,0.0,0.0,0.0,1
US,3039,ATL,PHL,1,16,7,1976,129,15.890213521753406,15.890213521753406,2768,313,0.0,0.0,0.0,0.0,0.0,1
WN,9413,LAX,BOS,6,12,6,1325,1410,19.246558828534504,19.246558828534504,284,45,0.0,0.0,0.0,0.0,0.0,1
AA,6256,SFO,ORD,11,4,4,2077,17,16.21155382280095,16.21155382280095,1768,180,0.0,0.0,0.0,0.0,0.0,1
F9,1662,CLT,DFW,8,7,2,116,319,20.51446066449219,20.51446066449219,1252,123,0.0,0.0,0.0,0.0,0.0,1
B6,8168,LGA,BOS,2,5,3,288,558,2.4629870813333614,2.4629870813333614,1350,150,0.0,0.0,0.0,0.0,0.0,0
NK,5727,ATL,MIA,3,18,4,130,200,0.0,0.0,190,30,0.0,0.0,0.0,0.0,0.0,0
NK,664,ORD,CLT,9,17,6,2271,115,9.044592173502933,15.978897554345167,1278,124,0.0,0.0,6.934305380842234,0.0,0.0,1
HA,5559,MSP,SEA,2,23,1,1411,1716,2.4894463645663736,2.4894463645663736,1682,185,0.0,0.0,0.0,0.0,0.0,0
F9,4796,SEA,LAS,9,16,5,283,700,0.0,0.0,2048,217,0.0,0.0,0.0,0.0,0.0,0
AS,8015,DEN,BOS,11,13,4,1223,1434,12.239798829354939,12.239798829354939,1390,131,0.0,0.0,0.0,0.0,0.0,0
F9,7072,MIA,FLL,5,26,6,1586,1918,26.786137389291873,26.786137389291873,1757,172,0.0,0.0,0.0,0.0,0.0,1
WN,956,DTW,BOS,6,15,1,714,834,4.156928690951502,4.156928690951502,971,80,0.0,0.0,0.0,0.0,0.0,0
HA,2744,SFO,MIA,4,8,5,2083,2207,37.84293825586599,37.84293825586599,744,44,0.0,0.0,0.0,0.0,0.0,1
UA,785,DEN,MSP,6,28,7,825,903,0.0,0.0,377,38,0.0,0.0,0.0,0.0,0.0,0
WN,933,PHX,DEN,12,2,1,289,615,19.6328543300677,19.6328543300677,1839,166,0.0,0.0,0.0,0.0,0.0,1
AS,6662,PHL,DTW,3,19,5,980,1445,19.466094920456626,19.466094920456626,2419,265,0.0,0.0,0.0,0.0,0.0,1
AA,9440,MCO,SFO,11,18,3,503,533,16.547931911326632,16.918911031869747,191,30,0.0,0.370979120543117,0.0,0.0,0.0,1
US,9964,MSP,DFW,4,3,5,1762,2040,29.812810278673325,31.37385346373606,1537,158,0.0,0.0,1.5610431850627347,0.0,0.0,1
F9,2457,MIA,LAS,11,9,2,1778,2257,4.665986318854176,4.665986318854176,2632,279,0.0,0.0,0.0,0.0,0.0,0
NK,9528,LAS,LAS,7,16,2,1608,2021,14.583498076218367,14.583498076218367,2540,253,0.0,0.0,0.0,0.0,0.0,0
DL,5420,SEA,DTW,10,19,7,1585,1655,2.4005192063999266,2.4005192063999266,162,30,0.0,0.0,0.0,0.0,0.0,0
DL,2912,CLT,DTW,10,27,2,2294,336,6.3160439350039725,6.3160439350039725,2132,242,0.0,0.0,0.0,0.0,0.0,0
US,2731,MSP,BOS,6,15,6,921,1006,8.33772316700297,8.33772316700297,537,45,0.0,0.0,0.0,0.0,0.0,0
B6,3359,DTW,LGA,10,28,5,1749,1819,25.04666271946861,25.04666271946861,221,30,0.0,0.0,0.0,0.0,0.0,1
F9,5512,DFW,DFW,4,5,2,799,1011,24.361863803089364,24.361863803089364,972,92,0.0,0.0,0.0,0.0,0.0,1
NK,4123,DFW,DEN,5,5,4,328,718,0.0,15.313267785670629,2134,230,0.0,0.0,0.0,15.260333437996284,0.052934347674344906,1
DL,2433,MSP,MCO,3,23,3,188,515,12.077782359182153,12.077782359182153,1793,167,0.0,0.0,0.0,0.0,0.0,0
B6,8035,FLL,PHX,8,8,6,725,809,17.54086570397112,17.54086570397112,348,44,0.0,0.0,0.0,0.0,0.0,1
DL,7124,SEA,MSP,11,2,2,1693,1934,17.454624923556363,17.454624923556363,1083,121,0.0,0.0,0.0,0.0,0.0,1
F9,5284,PHX,LGA,10,4,2,1485,1701,1.0470736888365764,1.0470736888365764,1396,96,0.0,0.0,0.0,0.0,0.0,0
UA,4475,SEA,EWR,7,1,4,2314,18,0.0,0.0,670,64,0.0,0.0,0.0,0.0,0.0,0
F9,9604,CLT,EWR,6,21,7,1052,1216,34.784582462666094,34.784582462666094,588,84,0.0,0.0,0.0,0.0,0.0,1
AS,9192,EWR,DEN,3,20,7,449,533,4.650804397766799,4.650804397766799,346,44,0.0,0.0,0.0,0.0,0.0,0
US,1755,CLT,PHX,11,7,6,183,535,8.390476644218918,8.390476644218918,1600,192,0.0,0.0,0.0,0.0,0.0,0
F9,460,DFW,EWR,9,7,7,1155,1447,18.087150141189717,18.087150141189717,1710,172,0.0,0.0,0.0,0.0,0.0,1
UA,5007,PHX,JFK,12,15,7,2079,26,7.844193106319191,7.844193106319191,2038,187,0.0,0.0,0.0,0.0,0.0,0
B6,8883,PHL,DTW,11,6,2,158,317,46.52320800085797,46.52320800085797,1057,79,0.0,0.0,0.0,0.0,0.0,1
US,1545,PHL,LAS,2,9,7,1185,1402,15.489068659853558,15.489068659853558,890,97,0.0,0.0,0.0,0.0,0.0,1
F9,9577,MIA,ORD,9,15,4,2198,2308,0.0,12.215098613912009,155,30,0.0,0.0,12.215098613912009,0.0,0.0,0
HA,9777,FLL,EWR,8,23,1,996,1438,21.551498820455407,29.298368344258336,2241,242,7.74686952380293,0.0,0.0,0.0,0.0,1
WN,3479,DFW,FLL,3,11,2,1773,2257,23.046624303365054,23.046624303365054,2676,284,0.0,0.0,0.0,0.0,0.0,1
AA,2759,LGA,ATL,11,6,5,571,829,23.205075754257322,23.205075754257322,1599,138,0.0,0.0,0.0,0.0,0.0,1
B6,2205,SFO,LAS,6,14,7,1498,2002,38.47795534270848,38.47795534270848,2815,264,0.0,0.0,0.0,0.0,0.0,1
F9,3189,BOS,ATL,6,17,7,2253,145,13.347191328737189,13.347191328737189,1447,172,0.0,0.0,0.0,0.0,0.0,0
F9,237,BOS,MCO,9,8,1,732,1209,32.62811200718751,32.62811200718751,2747,277,0.0,0.0,0.0,0.0,0.0,1
US,752,MIA,LAS,3,6,6,90,200,6.516754776157072,6.516754776157072,683,30,0.0,0.0,0.0,0.0,0.0,0
UA,5796,JFK,PHX,6,17,1,1957,108,20.47234731272421,20.47234731272421,2989,311,0.0,0.0,0.0,0.0,0.0,1
UA,5340,MIA,EWR,11,28,1,268,459,0.0,0.0,925,111,0.0,0.0,0.0,0.0,0.0,0
AS,4155,DFW,LGA,9,14,7,1707,1844,6.941743070169949,20.6911244250519,884,97,0.0,0.0,0.0,0.0,13.749381354881951,1
AA,2980,ORD,LAS,7,18,3,1047,1230,9.507674562376904,9.507674562376904,960,103,0.0,0.0,0.0,0.0,0.0,0
NK,1280,PHX,MCO,6,4,3,1385,1726,21.59641047069681,21.59641047069681,1933,181,0.0,0.0,0.0,0.0,0.0,1
B6,9331,CLT,JFK,5,4,4,2187,354,23.868633277483948,23.868633277483948,2990,327,0.0,0.0,0.0,0.0,0.0,1
DL,364,MCO,CLT,8,5,5,105,152,0.0,18.924806898590653,162,47,18.924806898590653,0.0,0.0,0.0,0.0,1
DL,7059,MIA,MIA,11,22,3,1967,2107,0.0,0.0,491,60,0.0,0.0,0.0,0.0,0.0,0
NK,9161,DFW,PHX,10,13,3,53,123,20.28153361018525,21.719200762089653,237,30,1.4376671519044026,0.0,0.0,0.0,0.0,1
US,9945,JFK,EWR,3,11,2,656,1013,9.6581232291464,10.521413615410676,2129,197,0.8632903862642758,0.0,0.0,0.0,0.0,0
US,1685,SFO,CLT,12,5,3,1347,1436,9.45036089864797,20.152707695442142,374,49,10.702346796794172,0.0,0.0,0.0,0.0,1
AA,4019,LAS,PHX,6,13,1,2120,2230,10.954117554481988,10.954117554481988,563,70,0.0,0.0,0.0,0.0,0.0,0
AS,9094,LAS,MSP,7,6,2,1508,1542,14.861729729613394,14.861729729613394,366,34,0.0,0.0,0.0,0.0,0.0,0
F9,3376,DTW,SEA,1,19,5,435,818,0.0,0.0,1930,223,0.0,0.0,0.0,0.0,0.0,0
NK,3488,BOS,SEA,10,10,4,1764,2214,36.105191467599155,53.01520975432874,2770,250,0.0,0.0,0.0,16.910018286729585,0.0,1
HA,1265,FLL,PHX,12,5,6,1726,2117,17.538734983908082,17.538734983908082,2226,231,0.0,0.0,0.0,0.0,0.0,1
US,65,LGA,JFK,6,15,5,102,227,10.829285563592185,10.829285563592185,688,85,0.0,0.0,0.0,0.0,0.0,0
HA,5156,JFK,CLT,1,19,6,101,246,17.422524171856114,56.09915760939894,1195,105,9.979717889864261,0.0,0.0,0.0,28.69691554767856,1
F9,7601,SFO,LAX,8,5,1,1342,1432,38.54249677433703,38.54249677433703,353,50,0.0,0.0,0.0,0.0,0.0,1
US,7210,MSP,FLL,11,22,1,1749,1923,0.0,2.2646146197784907,1118,94,2.2646146197784907,0.0,0.0,0.0,0.0,0
F9,3734,DEN,DEN,10,23,7,293,603,0.0,0.0,1494,150,0.0,0.0,0.0,0.0,0.0,0
NK,1873,CLT,EWR,1,21,6,1342,1725,7.486788146961904,7.486788146961904,2040,223,0.0,0.0,0.0,0.0,0.0,0
AS,2072,CLT,MSP,2,27,3,1436,1725,35.35550583154737,35.35550583154737,1755,169,0.0,0.0,0.0,0.0,0.0,1
UA,3574,SEA,ATL,10,22,4,836,1057,4.753290442443654,34.623661426394136,1350,141,0.0,0.0,0.0,0.0,29.870370983950483,1
AA,660,FLL,EWR,10,14,2,2227,2318,37.62192641125202,37.62192641125202,148,51,0.0,0.0,0.0,0.0,0.0,1
UA,6009,EWR,SEA,10,13,2,1846,2217,3.0727720568778665,3.0727720568778665,2242,211,0.0,0.0,0.0,0.0,0.0,0
US,8653,EWR,MSP,10,15,5,686,1126,0.0,0.0,2359,240,0.0,0.0,0.0,0.0,0.0,0
US,8887,PHL,LAS,9,8,1,1517,2026,1.3223580308688412,1.3223580308688412,2907,309,0.0,0.0,0.0,0.0,0.0,0
HA,935,MCO,DEN,1,22,3,1253,1323,22.2062045116284,22.2062045116284,271,30,0.0,0.0,0.0,0.0,0.0,1
B6,5356,DEN,SFO,2,27,3,584,1029,0.0,0.0,2552,245,0.0,0.0,0.0,0.0,0.0,0
DL,4373,EWR,CLT,11,2,5,1176,1449,18.263887498935816,18.263887498935816,1646,153,0.0,0.0,0.0,0.0,0.0,1
NK,1973,PHL,DFW,11,4,6,1389,1548,4.8255763081451315,4.8255763081451315,1083,79,0.0,0.0,0.0,0.0,0.0,0
AS,4898,DTW,DFW,9,10,7,1438,1508,0.0,0.0,109,30,0.0,0.0,0.0,0.0,0.0,0
F9,5270,MSP,BOS,6,10,2,874,1327,22.538182885779804,22.538182885779804,2392,253,0.0,0.0,0.0,0.0,0.0,1
WN,1313,LAS,MIA,5,9,7,2215,29,39.97610920523306,39.97610920523306,1470,134,0.0,0.0,0.0,0.0,0.0,1
DL,3616,DFW,FLL,1,8,6,2113,206,0.0,0.0,2870,293,0.0,0.0,0.0,0.0,0.0,0
F9,6302,MIA,LGA,1,10,7,46,322,24.299487450625413,24.299487450625413,1742,156,0.0,0.0,0.0,0.0,0.0,1
US,2263,LAX,CLT,12,24,4,1260,1608,29.14384691217243,29.14384691217243,1975,188,0.0,0.0,0.0,0.0,0.0,1
AS,1274,CLT,SEA,10,17,2,1382,1736,39.29785134322381,39.29785134322381,1478,194,0.0,0.0,0.0,0.0,0.0,1
F9,5142,LAS,ATL,4,28,4,2346,357,5.216885976513554,5.216885976513554,2503,251,0.0,0.0,0.0,0.0,0.0,0
F9,4423,PHX,LGA,3,12,4,392,901,31.952751360131455,31.952751360131455,2800,269,0.0,0.0,0.0,0.0,0.0,1
F9,130,MSP,MSP,5,23,2,924,1120,9.071301928483301,9.071301928483301,958,116,0.0,0.0,0.0,0.0,0.0,0
F9,9018,FLL,DTW,4,24,6,1110,1331,0.0,0.0,1453,141,0.0,0.0,0.0,0.0,0.0,0
B6,3447,DEN,SEA,12,11,4,717,850,15.726378134750018,15.726378134750018,994,93,0.0,0.0,0.0,0.0,0.0,1
AS,1368,DFW,LAS,10,7,6,227,353,0.0,0.0,885,86,0.0,0.0,0.0,0.0,0.0,0
HA,6995,JFK,LGA,10,8,2,249,611,25.081693061470304,25.081693061470304,1515,202,0.0,0.0,0.0,0.0,0.0,1
AA,8437,MSP,EWR,1,23,2,1602,1730,0.0,15.083048059968117,811,88,0.0,0.0,0.0,0.0,15.083048059968117,1
NK,5363,SFO,DFW,1,23,4,385,538,7.094440798739942,7.094440798739942,609,73,0.0,0.0,0.0,0.0,0.0,0
AS,7046,MSP,MIA,11,11,1,1754,2255,35.61610669982821,35.61610669982821,2811,301,0.0,0.0,0.0,0.0,0.0,1
NK,5172,EWR,MSP,2,25,4,122,541,6.132271479938229,6.132271479938229,2688,259,0.0,0.0,0.0,0.0,0.0,0
AS,5838,DTW,SFO,4,23,7,2340,122,8.48119831791522,8.48119831791522,956,102,0.0,0.0,0.0,0.0,0.0,0
HA,6818,MIA,DEN,6,10,1,1326,1453,0.0,0.0,624,87,0.0,0.0,0.0,0.0,0.0,0
NK,5811,LAX,LAS,6,3,3,623,739,0.0,55.15640133174347,1097,76,3.843148315653711,51.31325301608975,0.0,0.0,0.0,1
HA,7350,PHX,DTW,4,5,3,634,1111,0.0,0.0,2885,277,0.0,0.0,0.0,0.0,0.0,0
AA,5643,MIA,MCO,2,10,5,629,748,3.7792348653018237,3.7792348653018237,991,79,0.0,0.0,0.0,0.0,0.0,0
US,1886,SEA,EWR,2,2,2,1121,1323,16.00159380612513,16.00159380612513,1375,122,0.0,0.0,0.0,0.0,0.0,1
DL,4171,ORD,LAX,12,6,3,251,533,31.980780268741675,31.980780268741675,1227,162,0.0,0.0,0.0,0.0,0.0,1
US,9711,EWR,ORD,11,18,4,381,739,27.24965646477894,27.24965646477894,2057,198,0.0,0.0,0.0,0.0,0.0,1
AS,828,PHL,MSP,3,21,1,1887,2307,8.382664452488285,8.382664452488285,2462,220,0.0,0.0,0.0,0.0,0.0,0
AA,7694,CLT,SEA,10,16,5,1074,1144,37.1381512676579,37.1381512676579,112,30,0.0,0.0,0.0,0.0,0.0,1
UA,1822,JFK,DTW,8,25,3,34,350,0.0,5.853513137827456,1600,196,0.0,0.0,0.0,0.0,5.853513137827456,0
F9,2092,SEA,EWR,1,23,3,1900,2347,7.969231428395293,7.969231428395293,2831,287,0.0,0.0,0.0,0.0,0.0,0
AS,6251,CLT,JFK,1,2,3,883,1238,23.40059357090169,23.40059357090169,2007,195,0.0,0.0,0.0,0.0,0.0,1
HA,1449,FLL,ORD,5,20,5,1614,1658,13.745460567530113,13.745460567530113,532,44,0.0,0.0,0.0,0.0,0.0,0
UA,3428,PHX,EWR,8,17,5,2027,126,19.224605445061286,19.224605445061286,2884,299,0.0,0.0,0.0,0.0,0.0,1
DL,7516,CLT,MIA,7,3,2,1948,2305,23.382740779655368,23.382740779655368,2045,197,0.0,0.0,0.0,0.0,0.0,1
AS,7739,BOS,DEN,7,24,1,2030,20,4.955281139408931,4.955281139408931,2647,230,0.0,0.0,0.0,0.0,0.0,0
WN,8464,LGA,BOS,1,7,4,1524,1924,35.315973840206546,37.489001403516546,2610,240,0.0,0.0,0.0,0.0,2.1730275633100007,1
B6,6283,PHL,BOS,8,7,7,1490,1719,0.0,13.332612466287546,1191,109,13.332612466287546,0.0,0.0,0.0,0.0,0
NK,2710,DTW,FLL,12,23,3,45,207,0.0,0.0,912,82,0.0,0.0,0.0,0.0,0.0,0
AS,3235,JFK,MCO,4,6,6,1793,2216,27.963188029363447,27.963188029363447,2028,223,0.0,0.0,0.0,0.0,0.0,1
US,3439,MSP,PHX,10,7,3,1622,1956,20.303623530204487,20.303623530204487,1950,214,0.0,0.0,0.0,0.0,0.0,1
WN,6240,FLL,DFW,11,1,7,1057,1141,10.183164044664425,10.183164044664425,670,44,0.0,0.0,0.0,0.0,0.0,0
NK,6183,LGA,ATL,8,13,2,1381,1654,4.915363728313815,4.915363728313815,1078,153,0.0,0.0,0.0,0.0,0.0,0
HA,6078,LAS,PHL,4,6,3,985,1335,12.053802598602388,12.053802598602388,1827,190,0.0,0.0,0.0,0.0,0.0,0
B6,2501,LGA,DEN,12,17,5,1903,1933,30.57598017545753,30.57598017545753,477,30,0.0,0.0,0.0,0.0,0.0,1
UA,3410,ATL,MIA,8,8,1,2357,245,3.0341634495897383,3.0341634495897383,1679,168,0.0,0.0,0.0,0.0,0.0,0
HA,1516,LAX,MSP,10,24,1,991,1121,24.701966088094107,39.60104736212654,514,50,14.899081274032435,0.0,0.0,0.0,0.0,1
UA,7229,BOS,PHX,1,14,3,662,1002,22.039275850151427,41.93957653420404,1813,180,0.0,19.900300684052617,0.0,0.0,0.0,1
AA,9731,JFK,PHX,2,21,5,1917,2247,6.9780883165331815,6.9780883165331815,2228,210,0.0,0.0,0.0,0.0,0.0,0
AA,2356,ATL,PHX,9,8,1,70,444,25.362887265865567,25.362887265865567,2120,214,0.0,0.0,0.0,0.0,0.0,1
NK,2956,ORD,SFO,4,24,4,1370,1440,0.0,0.0,584,30,0.0,0.0,0.0,0.0,0.0,0
F9,3022,SEA,MCO,11,4,7,717,747,0.14685790827670786,0.14685790827670786,233,30,0.0,0.0,0.0,0.0,0.0,0
AS,9414,LAS,LAX,12,11,1,2104,2321,0.0,0.0,1172,137,0.0,0.0,0.0,0.0,0.0,0
AS,6703,MSP,MSP,9,17,2,1058,1425,0.0,1.3262802581027677,1915,207,0.0,0.0,1.3262802581027677,0.0,0.0,0
AS,6125,LAX,MIA,10,10,1,485,622,0.0,0.0,398,57,0.0,0.0,0.0,0.0,0.0,0
B6,8713,PHX,DEN,1,22,7,1348,1638,0.0,0.0,1968,170,0.0,0.0,0.0,0.0,0.0,0
AS,2812,FLL,LGA,12,17,6,638,1028,0.4638557874810392,0.4638557874810392,2052,230,0.0,0.0,0.0,0.0,0.0,0
B6,7366,LAS,MCO,10,16,7,2146,2324,4.710915294837431,4.710915294837431,1162,98,0.0,0.0,0.0,0.0,0.0,0
B6,72,DEN,PHL,9,15,1,1115,1515,20.49851853616634,20.49851853616634,2651,240,0.0,0.0,0.0,0.0,0.0,1
HA,6437,MCO,PHL,3,6,4,320,520,3.460418375038161,3.460418375038161,1394,120,0.0,0.0,0.0,0.0,0.0,0
WN,2933,LAX,LGA,5,28,3,47,258,10.636066028469912,10.636066028469912,1320,131,0.0,0.0,0.0,0.0,0.0,0
US,2501,MIA,MIA,3,25,2,1183,1639,3.0442881475509864,3.0442881475509864,2450,256,0.0,0.0,0.0,0.0,0.0,0
DL,1237,LGA,BOS,2,11,7,208,349,17.73375087592313,17.73375087592313,1260,101,0.0,0.0,0.0,0.0,0.0,1
DL,7367,PHL,PHL,1,4,1,229,557,16.069360172842455,16.069360172842455,2174,208,0.0,0.0,0.0,0.0,0.0,1
AA,5595,PHX,MIA,4,19,1,1808,1859,26.325771952314312,27.86125230913739,425,51,1.5354803568230784,0.0,0.0,0.0,0.0,1
AA,3650,MSP,MIA,4,2,1,729,1115,29.60088284463098,29.60088284463098,2496,226,0.0,0.0,0.0,0.0,0.0,1
NK,1659,LGA,SFO,5,19,7,2116,2212,0.0,13.60488247695671,677,56,0.0,0.0,13.60488247695671,0.0,0.0,0
DL,7477,MIA,MCO,3,2,4,2203,44,20.40017521568116,34.05580776957838,1456,161,13.655632553897219,0.0,0.0,0.0,0.0,1
US,603,ATL,LAX,11,25,5,852,1224,4.30094715779539,4.30094715779539,1984,212,0.0,0.0,0.0,0.0,0.0,0
NK,5845,DEN,EWR,5,2,3,2252,245,7.233719000153547,7.233719000153547,2581,233,0.0,0.0,0.0,0.0,0.0,0
B6,6505,DTW,JFK,11,14,4,1491,2001,19.531672929537432,19.531672929537432,2787,270,0.0,0.0,0.0,0.0,0.0,1
WN,1229,CLT,DTW,9,6,5,1692,1910,16.22955970045876,16.22955970045876,726,98,0.0,0.0,0.0,0.0,0.0,1
F9,3337,LAX,BOS,12,18,1,1305,1439,9.913174158184251,9.913174158184251,990,94,0.0,0.0,0.0,0.0,0.0,0
AA,6791,ORD,ATL,12,5,1,1361,1813,0.0,16.914645494493175,2427,252,16.914645494493175,0.0,0.0,0.0,0.0,1
NK,1364,PHX,FLL,9,18,3,262,430,0.0,0.0,651,88,0.0,0.0,0.0,0.0,0.0,0
AA,8684,LAX,LAS,3,28,6,158,337,0.0,25.008492392512487,1095,99,0.0,19.73237442488265,5.276117967629835,0.0,0.0,1
DL,9240,FLL,DFW,2,11,4,1409,1441,0.0,26.366505445732713,411,32,0.0,0.0,0.0,0.0,26.366505445732713,1
F9,5631,PHL,BOS,7,7,1,333,458,25.230189406029197,25.230189406029197,714,85,0.0,0.0,0.0,0.0,0.0,1
AA,6097,DEN,SFO,12,1,4,1852,2237,0.0,0.0,2268,225,0.0,0.0,0.0,0.0,0.0,0
B6,5556,DTW,SFO,9,19,6,960,1438,37.39314297338977,37.39314297338977,2700,278,0.0,0.0,0.0,0.0,0.0,1
DL,297,BOS,MIA,3,27,6,1254,1324,9.03348277115877,9.03348277115877,215,30,0.0,0.0,0.0,0.0,0.0,0
DL,2818,PHL,SEA,11,18,7,1892,5,0.0,0.0,2921,273,0.0,0.0,0.0,0.0,0.0,0
AA,6742,CLT,MSP,2,26,5,1337,1710,21.02630266329755,21.02630266329755,2285,213,0.0,0.0,0.0,0.0,0.0,1
AA,1664,LAX,PHX,3,24,2,2353,126,2.469939202422311,2.469939202422311,932,93,0.0,0.0,0.0,0.0,0.0,0
US,3013,CLT,ORD,6,27,4,98,554,21.5125093953831,37.53219265514065,2736,256,0.0,16.019683259757553,0.0,0.0,0.0,1
HA,1516,PHX,PHL,10,17,5,2072,204,0.744419499616555,0.744419499616555,2694,292,0.0,0.0,0.0,0.0,0.0,0
F9,4340,SFO,MCO,4,24,5,1128,1549,8.464610027943548,8.464610027943548,2474,261,0.0,0.0,0.0,0.0,0.0,0
B6,9953,MCO,MCO,1,14,2,2101,2200,28.47775854232731,28.47775854232731,401,59,0.0,0.0,0.0,0.0,0.0,1
UA,9960,PHL,ORD,11,1,2,2354,427,14.03006318496591,14.03006318496591,2757,273,0.0,0.0,0.0,0.0,0.0,0
HA,6576,PHX,LAS,1,8,7,866,1018,6.432527176854553,6.432527176854553,598,72,0.0,0.0,0.0,0.0,0.0,0
UA,9036,CLT,DTW,6,25,2,1528,1915,27.6746677698921,27.6746677698921,2180,227,0.0,0.0,0.0,0.0,0.0,1
WN,3257,EWR,ATL,2,27,2,1764,2240,0.0,18.08495269753751,2619,276,18.08495269753751,0.0,0.0,0.0,0.0,1
AA,3018,ORD,ORD,12,10,4,1306,1739,0.0,0.0,2704,273,0.0,0.0,0.0,0.0,0.0,0
AA,8986,JFK,DEN,1,10,4,1488,1943,11.441460781444064,11.441460781444064,2749,255,0.0,0.0,0.0,0.0,0.0,0
F9,7939,CLT,JFK,4,2,2,1263,1642,15.332353974153918,15.332353974153918,2379,219,0.0,0.0,0.0,0.0,0.0,1
HA,8785,DTW,PHL,8,3,3,1821,2234,0.0,11.553802191010702,2708,253,0.0,0.0,11.553802191010702,0.0,0.0,0
US,3142,MIA,BOS,5,24,3,301,408,5.137922360144727,19.692082186796593,335,67,0.0,0.0,14.554159826651867,0.0,0.0,1
AA,2912,ORD,DEN,7,11,7,2205,2318,0.0,0.0,728,73,0.0,0.0,0.0,0.0,0.0,0
AA,1661,PHL,SFO,2,18,4,616,646,17.02251903752341,17.02251903752341,148,30,0.0,0.0,0.0,0.0,0.0,1
AA,6737,LGA,DTW,2,24,2,173,535,0.0,0.0,2034,202,0.0,0.0,0.0,0.0,0.0,0
US,1713,LAX,CLT,6,14,5,1761,1831,0.8052778979346229,0.8052778979346229,266,30,0.0,0.0,0.0,0.0,0.0,0
WN,13,PHX,PHL,3,10,5,947,1017,25.325471333875015,25.325471333875015,226,30,0.0,0.0,0.0,0.0,0.0,1
AA,8373,FLL,ORD,4,7,4,365,553,9.292519635931631,9.292519635931631,1126,108,0.0,0.0,0.0,0.0,0.0,0
NK,8867,CLT,MSP,7,9,5,810,1002,25.643979253403586,25.643979253403586,735,112,0.0,0.0,0.0,0.0,0.0,1
F9,5408,LGA,PHL,4,3,5,1234,1717,7.575039238889929,7.575039238889929,2693,283,0.0,0.0,0.0,0.0,0.0,0
F9,6119,SFO,DFW,1,16,5,2225,2338,22.330723385635697,22.330723385635697,856,73,0.0,0.0,0.0,0.0,0.0,1
AS,5075,DEN,PHL,7,17,4,1473,1937,0.0,0.0,2545,264,0.0,0.0,0.0,0.0,0.0,0
F9,7647,SEA,LGA,9,9,7,56,434,19.708056243927334,19.708056243927334,2046,218,0.0,0.0,0.0,0.0,0.0,1
B6,9115,DTW,MCO,5,12,7,1815,2238,0.0,0.0,2675,263,0.0,0.0,0.0,0.0,0.0,0
HA,4859,ORD,LAS,12,28,5,240,601,23.665418342442685,28.567733238462083,2149,201,0.0,0.0,0.0,0.0,4.902314896019398,1
WN,1382,LGA,EWR,6,5,5,612,806,0.0,0.0,1305,114,0.0,0.0,0.0,0.0,0.0,0
DL,873,PHL,MSP,3,3,3,418,911,0.0,0.0,2671,293,0.0,0.0,0.0,0.0,0.0,0
WN,5267,ATL,ATL,11,6,7,1192,1516,7.464789238549608,38.06396327768941,1362,164,0.0,30.5991740391398,0.0,0.0,0.0,1
HA,2282,LAS,PHL,10,2,7,2254,2358,0.0,0.0,405,64,0.0,0.0,0.0,0.0,0.0,0
NK,2963,EWR,MIA,10,28,6,1628,2001,4.99235237983984,4.99235237983984,2087,213,0.0,0.0,0.0,0.0,0.0,0
HA,8052,DTW,CLT,3,12,2,141,518,2.681282033228067,2.681282033228067,2214,217,0.0,0.0,0.0,0.0,0.0,0
NK,3419,DTW,LAS,5,15,6,360,523,7.576690960429284,58.374329747526005,714,83,24.896363282341248,0.0,0.0,0.0,25.901275504755475,1
DL,7587,BOS,FLL,5,3,6,1522,1719,16.119055303867572,16.119055303867572,1275,117,0.0,0.0,0.0,0.0,0.0,1
NK,9398,DFW,MIA,8,24,1,12,329,0.0,2.713164911244404,1943,197,0.0,0.0,2.713164911244404,0.0,0.0,0
DL,9320,LGA,DTW,7,23,4,574,1005,25.04625378507042,25.04625378507042,2673,231,0.0,0.0,0.0,0.0,0.0,1
US,7603,SFO,ORD,4,24,5,2324,16,14.98754176293803,14.98754176293803,941,52,0.0,0.0,0.0,0.0,0.0,0
UA,9114,CLT,SEA,6,20,5,553,623,0.0,0.0,306,30,0.0,0.0,0.0,0.0,0.0,0
HA,8628,LGA,MIA,1,9,4,2079,2240,17.26464383247894,17.26464383247894,680,81,0.0,0.0,0.0,0.0,0.0,1
B6,8502,ATL,LAX,4,21,2,230,354,33.16108070703683,33.16108070703683,777,84,0.0,0.0,0.0,0.0,0.0,1
DL,5090,BOS,ORD,4,13,7,1703,2021,22.94042057070676,23.404889165144194,2065,198,0.0,0.0,0.4644685944374345,0.0,0.0,1
AA,2439,DEN,SEA,11,11,6,1911,2113,12.581993269294868,12.581993269294868,897,122,0.0,0.0,0.0,0.0,0.0,0
B6,9779,DFW,MSP,9,4,1,1420,1715,15.938721428857058,15.938721428857058,1653,175,0.0,0.0,0.0,0.0,0.0,1
HA,3281,PHX,DEN,3,14,1,457,621,0.0,0.0,856,84,0.0,0.0,0.0,0.0,0.0,0
WN,6809,BOS,ORD,9,15,6,952,1049,12.744523618405161,12.744523618405161,313,57,0.0,0.0,0.0,0.0,0.0,0
US,9836,PHX,LAX,7,2,6,2251,2329,32.224086651593126,32.224086651593126,354,38,0.0,0.0,0.0,0.0,0.0,1
F9,6207,ORD,MIA,10,3,4,1519,2014,2.33813555280899,2.33813555280899,2838,295,0.0,0.0,0.0,0.0,0.0,0
F9,2440,SFO,CLT,3,17,6,938,1031,0.0,7.2553973346110014,440,53,7.2553973346110014,0.0,0.0,0.0,0.0,0
DL,7750,JFK,SFO,8,19,2,1819,2157,28.19591511645194,28.19591511645194,1939,218,0.0,0.0,0.0,0.0,0.0,1
AS,4662,SEA,JFK,10,22,3,1262,1458,1.500518423057148,1.500518423057148,1278,116,0.0,0.0,0.0,0.0,0.0,0
WN,313,EWR,MCO,10,11,2,1719,2145,4.057760662053764,4.057760662053764,2643,266,0.0,0.0,0.0,0.0,0.0,0
WN,6972,MSP,ATL,10,11,2,193,338,2.4083451058046066,2.4083451058046066,1000,65,0.0,0.0,0.0,0.0,0.0,0
B6,5984,CLT,MSP,9,19,2,1325,1538,32.40205798507879,32.40205798507879,1133,133,0.0,0.0,0.0,0.0,0.0,1
F9,1058,CLT,DEN,7,24,5,1742,2031,0.0,0.0,1518,169,0.0,0.0,0.0,0.0,0.0,0
AA,8787,MCO,LGA,3,26,4,194,330,21.719969078089235,21.719969078089235,680,56,0.0,0.0,0.0,0.0,0.0,1
B6,1702,LAX,DEN,9,10,1,1320,1738,0.0,26.40084661613705,2629,258,4.791161610567175,21.609685005569872,0.0,0.0,0.0,1
NK,655,SEA,SEA,12,18,6,1359,1801,6.384788772206979,6.384788772206979,2071,242,0.0,0.0,0.0,0.0,0.0,0
F9,8555,LAS,PHL,4,17,7,259,601,11.109670628564867,11.109670628564867,1759,182,0.0,0.0,0.0,0.0,0.0,0
DL,9307,EWR,SEA,5,24,5,1795,1948,23.921309508548966,41.69738032555833,852,73,17.776070817009362,0.0,0.0,0.0,0.0,1
HA,7991,JFK,LAS,1,28,5,672,903,21.23656639081964,21.23656639081964,1247,111,0.0,0.0,0.0,0.0,0.0,1
HA,544,MCO,LAX,7,4,1,612,750,0.0,0.0,826,98,0.0,0.0,0.0,0.0,0.0,0
US,877,JFK,PHX,5,9,1,1775,2149,18.01320486678837,18.01320486678837,2006,214,0.0,0.0,0.0,0.0,0.0,1
UA,1323,SEA,CLT,9,18,2,1973,19,0.0,9.855612547270612,2444,246,0.0,0.0,9.855612547270612,0.0,0.0,0
AA,7079,EWR,MCO,12,22,1,2176,323,14.065520273253432,14.065520273253432,2802,307,0.0,0.0,0.0,0.0,0.0,0
HA,7253,LGA,CLT,10,13,1,1862,2200,18.194629267053386,39.78656129064126,1985,178,0.0,0.0,0.0,0.0,21.591932023587876,1
NK,4145,LAX,PHX,10,11,3,1566,1636,0.607325203283624,18.13523475191731,272,30,0.0,0.0,17.527909548633687,0.0,0.0,1
WN,6427,SEA,LAS,7,10,7,1804,2027,6.497802664690327,6.497802664690327,1365,143,0.0,0.0,0.0,0.0,0.0,0
UA,9459,SFO,CLT,10,25,2,218,336,27.023803399711827,27.023803399711827,582,78,0.0,0.0,0.0,0.0,0.0,1
US,2998,MSP,MIA,1,20,1,973,1257,17.380574675462086,17.380574675462086,1737,164,0.0,0.0,0.0,0.0,0.0,1
F9,4747,CLT,DTW,10,5,7,491,605,12.480495603850438,12.480495603850438,593,34,0.0,0.0,0.0,0.0,0.0,0
NK,8626,ATL,MCO,4,27,4,1890,2303,9.16347564558112,9.16347564558112,2190,213,0.0,0.0,0.0,0.0,0.0,0
US,9718,DFW,JFK,1,26,2,466,700,0.0,0.0,1102,114,0.0,0.0,0.0,0.0,0.0,0
US,4716,SEA,LAS,5,6,6,83,541,0.0,0.0,2503,258,0.0,0.0,0.0,0.0,0.0,0
DL,9351,LAX,LGA,3,10,5,653,814,17.845869740783712,17.845869740783712,1149,81,0.0,0.0,0.0,0.0,0.0,1
AS,1209,ORD,CLT,2,20,7,290,722,17.82481592683584,24.520436648148813,2129,232,0.0,0.0,6.695620721312975,0.0,0.0,1
F9,9516,LAS,LGA,9,7,7,1886,2102,19.067986299708682,19.067986299708682,743,96,0.0,0.0,0.0,0.0,0.0,1
DL,8990,DFW,SEA,7,15,2,1540,1736,9.259073914664816,9.259073914664816,1185,116,0.0,0.0,0.0,0.0,0.0,0
AS,7616,DFW,PHX,7,5,2,789,1141,2.1836797582679672,2.1836797582679672,1678,192,0.0,0.0,0.0,0.0,0.0,0
F9,4484,DFW,PHL,7,11,1,745,936,37.090481791301556,37.090481791301556,1201,111,0.0,0.0,0.0,0.0,0.0,1
US,2988,MIA,BOS,12,18,3,2337,348,28.90807559721185,28.90807559721185,2581,251,0.0,0.0,0.0,0.0,0.0,1
NK,4617,SEA,LGA,12,7,4,362,543,0.0,0.0,1113,101,0.0,0.0,0.0,0.0,0.0,0
US,911,CLT,FLL,9,12,4,2037,2146,19.257650190730452,19.257650190730452,822,69,0.0,0.0,0.0,0.0,0.0,1
HA,9501,DFW,DFW,7,14,4,145,238,9.857168301641178,9.857168301641178,429,53,0.0,0.0,0.0,0.0,0.0,0
HA,9469,BOS,DFW,7,4,7,1818,2236,19.063434078443418,19.063434078443418,2900,258,0.0,0.0,0.0,0.0,0.0,1
B6,9260,DEN,LGA,2,24,1,43,445,4.0621716840154685,4.0621716840154685,2633,242,0.0,0.0,0.0,0.0,0.0,0
US,430,FLL,LAX,1,15,3,413,631,33.79577714389629,33.79577714389629,1607,138,0.0,0.0,0.0,0.0,0.0,1
AS,5592,SEA,EWR,12,4,7,1465,1900,17.427806207819195,17.427806207819195,2188,235,0.0,0.0,0.0,0.0,0.0,1
F9,3678,ORD,PHL,3,15,7,351,421,21.867273290898282,21.867273290898282,305,30,0.0,0.0,0.0,0.0,0.0,1
DL,9330,LGA,DEN,6,2,6,1623,1925,0.0,0.0,2121,182,0.0,0.0,0.0,0.0,0.0,0
AA,7440,PHL,PHX,12,11,2,822,925,4.791397632320645,4.791397632320645,831,63,0.0,0.0,0.0,0.0,0.0,0
NK,4262,BOS,SEA,3,8,1,1957,2027,0.0,0.0,199,30,0.0,0.0,0.0,0.0,0.0,0
AS,1890,BOS,FLL,3,13,5,698,850,18.240982952211418,33.36608349538739,826,72,0.0,0.0,0.0,0.0,15.125100543175973,1
US,9346,MSP,DFW,8,4,4,636,1016,17.069780276036013,17.069780276036013,1924,220,0.0,0.0,0.0,0.0,0.0,1
UA,1982,PHL,LAS,2,4,1,1584,2051,0.0,18.627533669386096,2712,267,18.627533669386096,0.0,0.0,0.0,0.0,1
AS,9883,FLL,SEA,4,15,6,624,1117,12.511298460020122,12.511298460020122,2626,293,0.0,0.0,0.0,0.0,0.0,0
F9,2577,DEN,SEA,8,1,3,1468,1919,14.175826387933,14.175826387933,2908,251,0.0,0.0,0.0,0.0,0.0,0
B6,4074,DTW,LAS,3,27,2,241,311,30.841103434964047,44.90479501158721,591,30,0.0,0.0,14.06369157662316,0.0,0.0,1
AS,5391,PHX,FLL,12,26,4,904,1241,44.33934544141782,87.5487108840055,2146,217,0.0,0.0,0.0,43.20936544258768,0.0,1
DL,5177,ATL,LGA,12,26,2,1646,1747,8.966601452658557,8.966601452658557,335,61,0.0,0.0,0.0,0.0,0.0,0
NK,7148,MCO,ATL,7,19,6,1865,2328,10.314738164426279,10.314738164426279,2804,263,0.0,0.0,0.0,0.0,0.0,0
AA,6173,MIA,MIA,4,5,4,1162,1621,0.8038586381617723,0.8038586381617723,2739,259,0.0,0.0,0.0,0.0,0.0,0
AS,3689,DTW,FLL,3,27,6,299,510,20.59549442450139,20.59549442450139,532,91,0.0,0.0,0.0,0.0,0.0,1
UA,8455,ORD,PHL,10,13,2,1471,1656,13.426343507058704,13.426343507058704,1128,105,0.0,0.0,0.0,0.0,0.0,0
HA,8231,MCO,JFK,11,1,6,2104,30,0.0,0.0,2091,206,0.0,0.0,0.0,0.0,0.0,0
HA,7442,LAS,FLL,7,16,1,2243,154,3.7309993108613044,3.7309993108613044,1717,191,0.0,0.0,0.0,0.0,0.0,0
B6,1529,LAS,MCO,4,10,1,1344,1427,21.866053943237052,21.866053943237052,352,43,0.0,0.0,0.0,0.0,0.0,1
B6,985,DTW,JFK,3,21,6,342,455,0.0,0.0,860,73,0.0,0.0,0.0,0.0,0.0,0
B6,4077,DFW,MIA,1,9,1,135,244,0.0,0.0,700,69,0.0,0.0,0.0,0.0,0.0,0
F9,9328,ORD,PHX,10,5,1,1052,1239,2.1339336884711173,2.1339336884711173,1139,107,0.0,0.0,0.0,0.0,0.0,0
UA,4880,SFO,DEN,10,15,2,679,1043,11.62034502898694,27.58371218610735,1969,204,0.0,0.0,15.963367157120407,0.0,0.0,1
NK,8731,DEN,DFW,12,1,5,1638,1732,0.0,0.0,488,54,0.0,0.0,0.0,0.0,0.0,0
B6,8990,JFK,PHX,6,5,3,1295,1635,28.618827690675005,28.618827690675005,1634,180,0.0,0.0,0.0,0.0,0.0,1
AS,2026,PHL,LAS,10,25,6,2140,2239,1.7313848747664373,1.7313848747664373,814,59,0.0,0.0,0.0,0.0,0.0,0
DL,9165,JFK,LGA,7,9,2,1151,1221,19.92581217843384,19.92581217843384,303,30,0.0,0.0,0.0,0.0,0.0,1
AS,5981,FLL,CLT,12,8,2,1334,1433,0.0,0.0,624,59,0.0,0.0,0.0,0.0,0.0,0
AS,3388,CLT,EWR,2,23,6,329,510,7.587041731781218,7.587041731781218,438,101,0.0,0.0,0.0,0.0,0.0,0
HA,188,CLT,LAX,1,3,5,2264,337,26.84691780549114,26.84691780549114,2718,273,0.0,0.0,0.0,0.0,0.0,1
AA,5804,MCO,CLT,1,2,5,2136,2249,37.95097542385871,37.95097542385871,667,73,0.0,0.0,0.0,0.0,0.0,1
UA,8211,DTW,SFO,7,24,7,877,956,6.6126229620979196,6.8573725759578705,439,39,0.24474961385995098,0.0,0.0,0.0,0.0,0
US,5672,SFO,BOS,6,10,7,1627,1657,16.00313663431524,16.00313663431524,227,30,0.0,0.0,0.0,0.0,0.0,1
WN,5489,DFW,CLT,4,24,6,1043,1313,0.1722465057256759,0.1722465057256759,1372,150,0.0,0.0,0.0,0.0,0.0,0
WN,5027,DTW,DEN,3,27,7,1766,1836,13.139973586416597,13.139973586416597,284,30,0.0,0.0,0.0,0.0,0.0,0
DL,340,LAS,LAS,7,2,1,155,350,1.0816551521326154,10.080328732616028,1447,115,8.998673580483413,0.0,0.0,0.0,0.0,0
NK,4384,CLT,LAS,7,26,5,1432,1502,7.799067207453524,16.577186444960738,107,30,0.0,0.0,8.778119237507216,0.0,0.0,1
B6,8336,FLL,LAX,3,13,5,1285,1818,2.769247510110639,2.769247510110639,2830,293,0.0,0.0,0.0,0.0,0.0,0
HA,9366,DFW,LGA,7,2,7,714,1031,0.0,5.831233802232906,2145,197,0.0,0.0,5.831233802232906,0.0,0.0,0
US,4044,DFW,LAS,4,25,2,39,425,7.864001067137302,7.864001067137302,2059,226,0.0,0.0,0.0,0.0,0.0,0
WN,733,EWR,SFO,7,28,4,2095,133,12.306129930341541,12.306129930341541,2140,238,0.0,0.0,0.0,0.0,0.0,0
DL,8335,DFW,ATL,9,18,3,1745,1836,10.495955382263542,10.495955382263542,344,51,0.0,0.0,0.0,0.0,0.0,0
B6,9680,MIA,SFO,8,2,6,1654,1834,0.7573448917095096,3.5913467539882173,973,100,0.0,0.0,0.0,0.0,2.8340018622787078,0
HA,4749,DEN,EWR,2,3,6,315,415,8.22354263165766,22.63992594380518,1002,60,0.0,0.0,14.416383312147524,0.0,0.0,1
UA,2191,BOS,DFW,3,4,5,382,728,0.0,0.0,2324,186,0.0,0.0,0.0,0.0,0.0,0
B6,4589,PHX,ATL,10,12,1,1623,1805,25.089555150487325,25.089555150487325,700,102,0.0,0.0,0.0,0.0,0.0,1
UA,7310,FLL,ATL,4,6,2,1849,2025,0.0,0.0,840,96,0.0,0.0,0.0,0.0,0.0,0
AS,4375,MCO,BOS,3,22,2,972,1042,0.0,14.335233738126096,147,30,14.335233738126096,0.0,0.0,0.0,0.0,0
NK,7936,PHL,ATL,12,27,5,1821,2203,0.0,0.0,2255,222,0.0,0.0,0.0,0.0,0.0,0
NK,8291,LGA,DTW,5,28,6,1181,1512,24.78331888969815,24.78331888969815,1433,171,0.0,0.0,0.0,0.0,0.0,1
HA,6379,LAS,BOS,8,14,6,695,805,0.0,0.5926817077232691,124,30,0.5926817077232691,0.0,0.0,0.0,0.0,0
AA,5520,LAX,LGA,4,28,6,200,702,20.23089290414353,20.23089290414353,2974,302,0.0,0.0,0.0,0.0,0.0,1
US,2863,ATL,PHX,1,5,2,1855,2247,0.0,0.0,2053,232,0.0,0.0,0.0,0.0,0.0,0
DL,6903,EWR,ATL,4,24,6,767,1130,0.0,21.52466102997797,2348,203,0.0,21.52466102997797,0.0,0.0,0.0,1
DL,5170,DEN,LAX,3,23,5,878,1201,4.132309535964587,4.132309535964587,1693,163,0.0,0.0,0.0,0.0,0.0,0
AS,2497,LAS,PHX,7,23,2,494,712,21.56956879315551,21.56956879315551,1236,98,0.0,0.0,0.0,0.0,0.0,1
B6,6439,DTW,FLL,2,3,1,1180,1519,22.036087308410586,22.036087308410586,1523,179,0.0,0.0,0.0,0.0,0.0,1
UA,6020,MSP,MIA,11,11,1,829,903,15.243665650163532,15.243665650163532,178,34,0.0,0.0,0.0,0.0,0.0,1
NK,213,EWR,SEA,8,18,5,2243,108,18.732117613816875,18.732117613816875,1500,145,0.0,0.0,0.0,0.0,0.0,1
NK,8505,ORD,LGA,8,26,1,198,308,29.50411479751261,29.50411479751261,325,30,0.0,0.0,0.0,0.0,0.0,1
B6,9286,ORD,BOS,6,2,2,517,859,0.0,5.025305840019199,2221,222,0.0,0.0,5.025305840019199,0.0,0.0,0
HA,9114,MSP,MIA,8,24,7,665,906,3.6732313280230455,3.6732313280230455,1094,121,0.0,0.0,0.0,0.0,0.0,0
US,2724,FLL,PHX,2,3,4,123,153,14.94749315274549,14.94749315274549,104,30,0.0,0.0,0.0,0.0,0.0,0
US,5488,JFK,MSP,8,17,6,1900,2135,0.0,0.0,1659,155,0.0,0.0,0.0,0.0,0.0,0
B6,6484,BOS,JFK,11,11,2,1784,2027,22.436500327070082,38.33803186300702,1071,123,0.0,0.0,0.0,0.0,15.901531535936936,1
AS,7494,PHX,LAS,2,2,4,2120,2202,25.16042036454617,26.187526337712537,718,42,0.0,0.0,1.027105973166368,0.0,0.0,1
NK,4263,DEN,LGA,4,2,6,1289,1359,0.0,0.0,250,30,0.0,0.0,0.0,0.0,0.0,0
AS,6467,EWR,LAS,5,18,2,465,535,38.534310930785274,38.534310930785274,166,30,0.0,0.0,0.0,0.0,0.0,1
B6,2161,LGA,PHX,2,28,5,1467,1939,6.519765346592838,6.519765346592838,2803,272,0.0,0.0,0.0,0.0,0.0,0
UA,9905,EWR,CLT,4,20,1,1638,1934,0.0,0.0,1769,176,0.0,0.0,0.0,0.0,0.0,0
AA,9574,LAX,JFK,5,24,5,2233,2340,5.849152894754109,5.849152894754109,759,67,0.0,0.0,0.0,0.0,0.0,0
B6,765,EWR,ATL,8,5,6,567,1027,0.0,0.0,2652,260,0.0,0.0,0.0,0.0,0.0,0
US,4989,PHL,MIA,7,18,6,2322,232,5.8474459741473375,5.8474459741473375,1677,190,0.0,0.0,0.0,0.0,0.0,0
DL,8165,CLT,EWR,5,8,5,1045,1148,22.533667889531625,22.533667889531625,196,63,0.0,0.0,0.0,0.0,0.0,1
DL,8756,DFW,MIA,1,8,3,1948,2107,26.815544281404243,26.815544281404243,489,79,0.0,0.0,0.0,0.0,0.0,1
US,587,FLL,MCO,5,3,1,1790,2222,0.0,5.238859877057921,2354,232,0.0,0.0,5.238859877057921,0.0,0.0,0
UA,7422,PHX,LAX,8,5,6,1326,1436,0.0,0.0,621,70,0.0,0.0,0.0,0.0,0.0,0
NK,2726,LGA,LGA,2,24,3,364,552,2.4945183890003344,19.81235899885359,1343,108,17.317840609853256,0.0,0.0,0.0,0.0,1
US,2248,BOS,LAX,8,12,6,2214,147,16.454351355645635,16.454351355645635,1905,213,0.0,0.0,0.0,0.0,0.0,1
US,1448,MSP,BOS,9,18,4,838,1003,0.0,0.0,1031,85,0.0,0.0,0.0,0.0,0.0,0
F9,6424,MSP,JFK,5,4,7,2208,49,24.575746588139282,24.575746588139282,1850,161,0.0,0.0,0.0,0.0,0.0,1
B6,3553,PHL,EWR,5,4,3,976,1316,0.0,0.0,1953,180,0.0,0.0,0.0,0.0,0.0,0
HA,8940,PHX,BOS,11,23,5,1208,1532,10.953425186393435,10.953425186393435,2099,204,0.0,0.0,0.0,0.0,0.0,0
HA,3257,SEA,LAS,5,3,5,2310,314,9.378770438099371,9.378770438099371,2506,244,0.0,0.0,0.0,0.0,0.0,0
UA,4506,LGA,PHL,11,8,6,421,833,0.27993952362773555,0.27993952362773555,2668,252,0.0,0.0,0.0,0.0,0.0,0
UA,1235,BOS,ATL,6,28,2,1738,1821,2.969255080245465,2.969255080245465,696,43,0.0,0.0,0.0,0.0,0.0,0
F9,1125,JFK,SFO,1,24,1,19,49,18.77697943208224,18.77697943208224,160,30,0.0,0.0,0.0,0.0,0.0,1
AA,9746,EWR,LAX,11,3,4,1392,1900,2.4718826965751246,2.4718826965751246,2919,268,0.0,0.0,0.0,0.0,0.0,0
B6,1575,MCO,DEN,5,18,5,1492,1857,14.100093507937153,14.100093507937153,2038,205,0.0,0.0,0.0,0.0,0.0,0
F9,5538,MSP,LGA,12,23,5,899,1057,0.0,0.0,836,78,0.0,0.0,0.0,0.0,0.0,0
F9,3065,DTW,PHX,2,5,5,2205,37,19.245582697973305,19.245582697973305,1524,152,0.0,0.0,0.0,0.0,0.0,1
HA,3529,PHX,MCO,2,21,6,1550,1748,27.391442423833322,27.391442423833322,944,118,0.0,0.0,0.0,0.0,0.0,1
DL,9581,MSP,BOS,3,3,7,1936,2249,20.646816794043826,20.646816794043826,1424,193,0.0,0.0,0.0,0.0,0.0,1
NK,9719,PHL,EWR,4,8,6,1656,1928,0.0,0.0,1729,152,0.0,0.0,0.0,0.0,0.0,0
US,4286,ORD,DTW,4,8,5,851,1145,0.9604431584749769,0.9604431584749769,1749,174,0.0,0.0,0.0,0.0,0.0,0
AS,7537,PHX,SEA,10,4,1,1929,1959,0.0,15.682346833686623,258,30,15.682346833686623,0.0,0.0,0.0,0.0,1
DL,6623,DTW,LGA,5,7,7,1006,1149,9.899610277224646,22.34376444745375,966,103,12.444154170229105,0.0,0.0,0.0,0.0,1
UA,7252,EWR,PHL,1,16,2,1968,26,10.246382693407046,10.246382693407046,2328,258,0.0,0.0,0.0,0.0,0.0,0
F9,2328,PHX,LAX,3,20,7,1006,1148,2.0855948818569905,2.0855948818569905,1300,102,0.0,0.0,0.0,0.0,0.0,0
B6,1290,MIA,DFW,10,12,2,1290,1710,2.593834112412395,8.173427544750062,2282,220,0.0,0.0,5.579593432337667,0.0,0.0,0
WN,5530,PHX,PHX,8,16,6,2288,12,9.69385580677696,27.082705581304637,204,44,0.0,0.0,0.0,0.0,17.388849774527678,1
UA,2484,LAX,LAX,3,21,4,2201,27,40.394488496482964,40.394488496482964,1255,146,0.0,0.0,0.0,0.0,0.0,1
US,8148,FLL,SFO,12,15,5,1491,1824,1.774020669057533,1.774020669057533,1324,173,0.0,0.0,0.0,0.0,0.0,0
DL,7291,CLT,DEN,6,23,5,787,1143,0.0,1.13186671752835,1796,196,0.0,0.0,0.0,0.0,1.13186671752835,0
WN,9701,FLL,PHL,9,12,3,2146,125,0.0,0.0,2122,219,0.0,0.0,0.0,0.0,0.0,0
AA,9485,EWR,DFW,7,6,1,523,553,6.846517459423518,6.846517459423518,511,30,0.0,0.0,0.0,0.0,0.0,0
HA,2447,BOS,MIA,7,16,2,421,705,4.550874284185407,4.550874284185407,1848,164,0.0,0.0,0.0,0.0,0.0,0
NK,4019,DTW,SEA,6,11,2,1756,2020,16.643507071616963,16.643507071616963,1584,144,0.0,0.0,0.0,0.0,0.0,1
F9,3052,MSP,LAX,8,1,2,1592,1731,12.048377649676798,37.801084743007884,1054,59,0.0,0.0,0.0,25.752707093331086,0.0,1
NK,9218,MCO,DEN,11,28,3,1230,1624,0.0,0.0,2391,234,0.0,0.0,0.0,0.0,0.0,0
HA,6662,LGA,PHL,9,26,4,1497,1930,6.710813728349758,14.830143155172749,2405,233,0.0,0.0,8.119329426822992,0.0,0.0,0
AS,7312,EWR,MCO,11,2,7,487,848,24.383992923048112,24.383992923048112,1852,201,0.0,0.0,0.0,0.0,0.0,1
B6,819,FLL,MSP,7,3,6,2099,244,0.0,33.009923014550914,2944,305,0.0,33.009923014550914,0.0,0.0,0.0,1
HA,1026,MSP,MIA,7,9,4,1850,2136,11.352074065498648,26.720368685101995,1711,166,15.368294619603349,0.0,0.0,0.0,0.0,1
HA,8340,SEA,ORD,3,23,4,1639,2007,37.64697403816679,37.64697403816679,1945,208,0.0,0.0,0.0,0.0,0.0,1
AS,3839,LAX,CLT,2,20,7,2265,353,37.63255078092023,37.63255078092023,2922,288,0.0,0.0,0.0,0.0,0.0,1
F9,9231,BOS,ATL,5,21,3,1751,2007,31.779645439490942,31.779645439490942,1233,136,0.0,0.0,0.0,0.0,0.0,1
F9,4923,DFW,PHL,9,5,1,2194,45,27.911118792619618,27.911118792619618,1332,131,0.0,0.0,0.0,0.0,0.0,1
HA,8119,DTW,DEN,9,26,4,1177,1655,0.0,0.0,2813,278,0.0,0.0,0.0,0.0,0.0,0
UA,6340,ORD,DFW,1,27,1,672,942,0.0,12.453562594210972,1552,150,12.453562594210972,0.0,0.0,0.0,0.0,0
AS,2166,SFO,EWR,3,16,4,1233,1547,19.326622465208125,19.326622465208125,2037,194,0.0,0.0,0.0,0.0,0.0,1
UA,570,SEA,DTW,10,13,1,2241,114,9.615940791553236,9.615940791553236,1386,153,0.0,0.0,0.0,0.0,0.0,0
US,1794,FLL,EWR,5,2,2,655,1115,21.49558453487612,21.49558453487612,2567,260,0.0,0.0,0.0,0.0,0.0,1
HA,9988,ATL,DFW,9,1,5,1448,1603,24.488581345838348,24.488581345838348,908,75,0.0,0.0,0.0,0.0,0.0,1
NK,8305,LGA,PHX,7,16,7,2016,2105,16.173694340399486,21.526069662859896,333,49,0.0,5.352375322460412,0.0,0.0,0.0,1
HA,2742,CLT,BOS,3,17,2,407,659,23.044995108970944,31.3595435535605,1605,172,0.0,0.0,0.0,8.314548444589555,0.0,1
NK,9667,DEN,BOS,7,17,2,702,938,9.683062039964893,9.683062039964893,1361,156,0.0,0.0,0.0,0.0,0.0,0
AA,9942,MSP,MSP,10,13,3,214,245,20.768149993825695,20.768149993825695,534,31,0.0,0.0,0.0,0.0,0.0,1
WN,9917,CLT,MCO,6,17,5,1692,1900,11.504898736599328,11.504898736599328,808,88,0.0,0.0,0.0,0.0,0.0,0
F9,1550,CLT,ATL,7,23,5,2200,116,0.0,0.0,1670,196,0.0,0.0,0.0,0.0,0.0,0
UA,9907,MCO,EWR,9,6,1,217,436,0.0,0.0,1098,139,0.0,0.0,0.0,0.0,0.0,0
AS,2187,SFO,DEN,7,17,3,2222,41,15.081272792563631,17.607931718372505,1485,139,0.0,0.0,0.0,0.0,2.526658925808876,1
US,1808,DFW,JFK,5,12,5,1604,2017,0.0,0.0,2381,253,0.0,0.0,0.0,0.0,0.0,0
F9,4820,DFW,FLL,6,2,6,114,426,5.415346238943459,5.415346238943459,1990,192,0.0,0.0,0.0,0.0,0.0,0
AS,4265,MSP,LGA,9,12,4,1788,1927,4.779422810385669,5.752380992810898,586,59,0.9729581824252289,0.0,0.0,0.0,0.0,0
DL,1797,PHL,DEN,12,3,3,1693,2009,14.806535340694804,14.806535340694804,1667,156,0.0,0.0,0.0,0.0,0.0,0
DL,1092,EWR,DTW,4,10,6,1697,1807,15.02946217179225,15.02946217179225,291,30,0.0,0.0,0.0,0.0,0.0,1
B6,8368,DTW,MIA,10,10,4,2085,2242,13.172949381981237,13.172949381981237,657,77,0.0,0.0,0.0,0.0,0.0,0
UA,6412,MSP,CLT,7,24,2,2246,6,11.246036288489117,15.086751924285698,564,80,0.0,0.0,3.840715635796581,0.0,0.0,1
AS,5496,PHL,PHX,1,1,7,1691,2113,18.60224988945906,18.60224988945906,2198,222,0.0,0.0,0.0,0.0,0.0,1
B6,8491,SEA,BOS,6,28,3,1394,1919,23.702773521982103,23.702773521982103,2691,285,0.0,0.0,0.0,0.0,0.0,1
B6,1705,DEN,CLT,3,24,2,82,358,14.719030750793612,14.719030750793612,1350,156,0.0,0.0,0.0,0.0,0.0,0
NK,3689,LAS,PHL,11,4,6,1852,2203,21.25313342517513,21.25313342517513,2188,191,0.0,0.0,0.0,0.0,0.0,1
HA,2130,LAS,LAX,2,12,3,2212,2308,4.144456371488549,4.144456371488549,350,56,0.0,0.0,0.0,0.0,0.0,0
UA,8844,SFO,DEN,12,10,7,2324,11,36.18344771722054,36.18344771722054,425,47,0.0,0.0,0.0,0.0,0.0,1
HA,6619,SFO,PHX,11,24,2,190,511,23.124639606524,23.124639606524,1417,161,0.0,0.0,0.0,0.0,0.0,1
WN,4248,ATL,PHX,8,2,7,572,1112,0.0,0.0,2985,300,0.0,0.0,0.0,0.0,0.0,0
DL,8673,BOS,EWR,2,9,4,569,1015,12.096739984368712,12.096739984368712,2349,246,0.0,0.0,0.0,0.0,0.0,0
DL,7681,MSP,SFO,10,2,6,2095,2309,19.42432990361678,19.42432990361678,1289,94,0.0,0.0,0.0,0.0,0.0,1
B6,6397,PHX,MSP,2,4,6,167,237,15.235743435221725,15.235743435221725,159,30,0.0,0.0,0.0,0.0,0.0,1
B6,1128,CLT,DFW,2,7,4,36,106,0.0,0.0,232,30,0.0,0.0,0.0,0.0,0.0,0
DL,6932,MCO,LAX,11,2,6,1702,1745,6.5403850101000325,6.5403850101000325,122,43,0.0,0.0,0.0,0.0,0.0,0
US,9241,ORD,LGA,7,1,2,573,937,15.488091019197553,18.343926468129464,1716,204,2.855835448931911,0.0,0.0,0.0,0.0,1
AA,4012,LGA,LGA,4,18,6,760,1044,14.8183772782909,14.8183772782909,1922,164,0.0,0.0,0.0,0.0,0.0,0
UA,5926,CLT,SEA,9,3,5,364,434,21.26963863330392,21.26963863330392,561,30,0.0,0.0,0.0,0.0,0.0,1
WN,7402,FLL,EWR,12,14,3,1230,1427,2.747286130001825,2.747286130001825,1128,117,0.0,0.0,0.0,0.0,0.0,0
AS,1952,MCO,BOS,3,24,5,2302,135,12.891186574541546,12.891186574541546,1787,153,0.0,0.0,0.0,0.0,0.0,0
F9,3118,EWR,PHX,4,26,5,1632,1949,0.6805930762001005,0.6805930762001005,2014,197,0.0,0.0,0.0,0.0,0.0,0
AA,8867,JFK,LAS,5,6,3,212,743,11.066537742855362,11.066537742855362,2867,331,0.0,0.0,0.0,0.0,0.0,0
NK,8858,SFO,SEA,5,5,7,2007,2050,3.5430546358906474,3.5430546358906474,531,43,0.0,0.0,0.0,0.0,0.0,0
AS,6963,MCO,FLL,2,14,1,1846,2018,28.75210469871568,28.75210469871568,602,92,0.0,0.0,0.0,0.0,0.0,1
AA,6913,DEN,LAX,12,27,5,1329,1656,42.22372243837787,43.8169830017249,1956,207,0.0,0.0,1.5932605633470307,0.0,0.0,1
HA,6598,SEA,DTW,2,9,3,904,1425,0.0,0.0,2791,321,0.0,0.0,0.0,0.0,0.0,0
DL,5445,PHL,PHL,3,19,2,2274,15,0.0,0.0,879,61,0.0,0.0,0.0,0.0,0.0,0
WN,740,SFO,ORD,2,6,1,1029,1412,15.455871116035985,15.455871116035985,2398,223,0.0,0.0,0.0,0.0,0.0,1
NK,6805,DEN,LAX,1,2,4,354,835,24.450609054068046,24.450609054068046,2764,281,0.0,0.0,0.0,0.0,0.0,1
DL,9540,LAX,DEN,10,6,2,856,1312,12.04229836481764,31.404822831047724,2498,256,9.295465379426371,0.0,0.0,0.0,10.067059086803711,1
F9,7537,LAS,ORD,6,20,6,485,706,34.52109632093757,48.132295860734196,1153,101,0.0,0.0,0.0,0.0,13.61119953979662,1
HA,7994,FLL,ATL,7,6,6,1536,1606,0.0,0.0,238,30,0.0,0.0,0.0,0.0,0.0,0
DL,5507,FLL,PHX,3,10,1,1965,2211,21.116876347163526,21.116876347163526,1140,126,0.0,0.0,0.0,0.0,0.0,1
HA,3414,CLT,SFO,2,24,6,1416,1455,24.533180685743385,24.533180685743385,321,39,0.0,0.0,0.0,0.0,0.0,1
AA,1986,MSP,SEA,12,11,5,1387,1739,36.80861206526146,36.80861206526146,1868,192,0.0,0.0,0.0,0.0,0.0,1
B6,2593,CLT,EWR,9,22,7,1736,2212,0.6698184033604235,0.6698184033604235,2635,276,0.0,0.0,0.0,0.0,0.0,0
US,6572,JFK,LGA,4,8,4,2091,0,10.20162157503496,10.20162157503496,1630,149,0.0,0.0,0.0,0.0,0.0,0
B6,6891,DEN,PHL,4,23,3,287,505,30.999339238821992,30.999339238821992,949,98,0.0,0.0,0.0,0.0,0.0,1
NK,9547,EWR,FLL,8,19,2,1845,2255,23.23793828396347,23.23793828396347,2474,250,0.0,0.0,0.0,0.0,0.0,1
NK,5309,LAX,LAX,5,16,6,118,203,0.0,0.0,863,45,0.0,0.0,0.0,0.0,0.0,0
NK,3372,SEA,DTW,12,7,1,2038,2112,24.861382206302217,24.861382206302217,435,34,0.0,0.0,0.0,0.0,0.0,1
UA,3860,ATL,EWR,7,17,5,544,748,16.69468801285791,47.577925699400296,1587,124,0.0,0.0,0.0,0.0,30.883237686542387,1
F9,8754,ATL,ORD,6,24,6,2303,34,0.0,0.0,916,91,0.0,0.0,0.0,0.0,0.0,0
AA,2635,LAS,PHL,9,9,7,1954,2039,0.0,0.0,380,45,0.0,0.0,0.0,0.0,0.0,0
HA,3006,LGA,PHL,6,13,7,9,255,21.200878702508753,21.200878702508753,1596,166,0.0,0.0,0.0,0.0,0.0,1
F9,9109,MCO,EWR,6,11,3,527,557,8.636019526162565,8.636019526162565,236,30,0.0,0.0,0.0,0.0,0.0,0
UA,7140,LAS,LGA,11,25,6,635,908,30.017154746107312,30.017154746107312,1576,153,0.0,0.0,0.0,0.0,0.0,1
F9,6916,DEN,CLT,11,4,4,1501,1715,8.752353522378282,30.032825069202346,1512,134,21.280471546824064,0.0,0.0,0.0,0.0,1
US,9415,EWR,ATL,4,28,2,178,331,15.804624144656394,15.804624144656394,669,73,0.0,0.0,0.0,0.0,0.0,1
AA,7198,MCO,LAS,12,20,2,1079,1513,6.278756779504258,21.900451287609012,2320,234,3.9479079385267903,0.0,0.0,0.0,11.673786569577963,1
B6,2868,EWR,FLL,4,21,3,2067,206,8.590285033411979,55.41716105916034,2588,299,0.0,0.0,0.0,46.82687602574836,0.0,1
NK,6962,ATL,JFK,9,8,6,1439,1839,0.0,0.0,2440,240,0.0,0.0,0.0,0.0,0.0,0
UA,2578,LAS,FLL,9,15,3,1973,2335,41.57999862662618,41.733230568064414,1910,202,0.15323194143823304,0.0,0.0,0.0,0.0,1
NK,2241,DEN,DFW,12,25,3,1835,2157,4.6804051716443515,14.426704783865464,2164,202,0.0,0.0,9.746299612221112,0.0,0.0,0
WN,3195,SEA,BOS,8,7,1,845,936,31.894984294106848,37.783606434224275,720,51,0.0,0.0,0.0,0.0,5.888622140117429,1
AA,7875,EWR,DFW,6,8,3,1462,1532,8.20422428717476,18.491950932719828,448,30,0.0,0.0,10.287726645545067,0.0,0.0,1
AS,7574,ORD,DFW,7,20,1,846,1025,7.595225049986876,7.595225049986876,1302,99,0.0,0.0,0.0,0.0,0.0,0
AA,9807,PHX,LAS,7,19,2,1422,1532,0.0,0.0,747,70,0.0,0.0,0.0,0.0,0.0,0
UA,3338,ATL,MCO,3,9,7,1831,2257,9.259825672002155,9.259825672002155,2633,266,0.0,0.0,0.0,0.0,0.0,0
AA,5677,SEA,PHL,1,5,6,1140,1312,11.904259321881064,18.411409167406134,997,92,0.0,6.507149845525072,0.0,0.0,0.0,1
HA,5480,ATL,PHL,6,4,3,500,701,1.4685457353103892,1.4685457353103892,1184,121,0.0,0.0,0.0,0.0,0.0,0
AS,19,SFO,SFO,1,18,7,805,1049,16.915604146749182,16.915604146749182,1476,164,0.0,0.0,0.0,0.0,0.0,1
AS,3456,LAS,DTW,7,26,2,1713,1942,19.632063739023536,19.632063739023536,1475,149,0.0,0.0,0.0,0.0,0.0,1
NK,1364,DEN,ORD,10,24,3,553,723,4.406474745158356,4.406474745158356,878,90,0.0,0.0,0.0,0.0,0.0,0
NK,3911,PHL,DTW,10,23,2,1724,1910,3.813104020718674,3.813104020718674,1096,106,0.0,0.0,0.0,0.0,0.0,0
F9,6013,MIA,PHL,6,20,3,496,631,0.0,0.0,497,55,0.0,0.0,0.0,0.0,0.0,0
WN,749,LAS,MSP,6,19,2,1762,1930,13.006942094937628,13.006942094937628,297,88,0.0,0.0,0.0,0.0,0.0,0
AA,6427,MIA,MIA,12,23,2,1853,2149,13.450904731003323,25.238569139580946,1579,176,8.356941877257512,3.4307225313201126,0.0,0.0,0.0,1
UA,9259,DTW,LGA,12,28,6,590,747,0.0,0.0,1195,77,0.0,0.0,0.0,0.0,0.0,0
B6,9902,FLL,LAX,6,11,1,226,722,18.224966707325493,18.224966707325493,2922,296,0.0,0.0,0.0,0.0,0.0,1
WN,4942,FLL,MIA,2,16,4,264,824,27.019480994724113,27.019480994724113,2804,320,0.0,0.0,0.0,0.0,0.0,1
US,4617,PHX,SEA,7,3,6,335,758,40.284880731270256,40.284880731270256,2911,263,0.0,0.0,0.0,0.0,0.0,1
AS,1995,BOS,LGA,6,10,3,1098,1415,0.0,0.0,1795,157,0.0,0.0,0.0,0.0,0.0,0
F9,8306,CLT,LGA,11,8,6,1444,1740,0.0,10.533694121249876,1908,176,0.0,0.0,0.0,0.0,10.533694121249876,0
DL,2094,DEN,MIA,11,28,4,1738,2113,0.0,14.773855529970096,2159,215,0.0,0.0,14.773855529970096,0.0,0.0,0
AS,8543,LAX,CLT,12,15,1,1516,1546,1.7197469170646862,1.7197469170646862,449,30,0.0,0.0,0.0,0.0,0.0,0
AS,3353,MSP,DFW,12,19,3,695,1121,0.0,15.66004903984522,1941,226,0.0,0.0,0.0,0.0,15.66004903984522,1
US,6156,ORD,SEA,6,21,2,567,959,12.526503499273796,28.428935810702377,2499,232,0.0,0.0,15.902432311428582,0.0,0.0,1
HA,7223,PHL,MSP,3,25,5,722,1128,5.563239437856541,5.563239437856541,2235,246,0.0,0.0,0.0,0.0,0.0,0
WN,8991,MSP,PHL,5,14,3,962,1401,12.063113574399454,12.063113574399454,2143,239,0.0,0.0,0.0,0.0,0.0,0
F9,8094,LGA,SFO,1,4,2,1924,2315,11.319890917973375,11.319890917973375,2347,231,0.0,0.0,0.0,0.0,0.0,0
B6,4963,LGA,LAS,6,13,4,2309,147,16.192540333810697,16.192540333810697,1378,158,0.0,0.0,0.0,0.0,0.0,1
US,3893,ORD,DEN,7,15,3,1172,1651,3.129018137377173,9.40820138792931,2701,279,0.0,0.0,6.279183250552138,0.0,0.0,0
B6,8445,ATL,MSP,9,8,6,396,921,11.50924412276785,11.50924412276785,2636,285,0.0,0.0,0.0,0.0,0.0,0
AA,3589,MCO,PHL,10,19,5,1728,2107,5.856945225353265,9.748745636976341,2077,219,3.891800411623077,0.0,0.0,0.0,0.0,0
B6,7164,FLL,BOS,3,5,4,1120,1310,0.0,0.0,1101,110,0.0,0.0,0.0,0.0,0.0,0
HA,6956,PHX,ORD,9,25,6,2068,2158,15.80550689659341,15.80550689659341,462,50,0.0,0.0,0.0,0.0,0.0,1
F9,332,PHL,SFO,1,28,4,571,747,0.0,3.6539692254930434,951,96,3.6539692254930434,0.0,0.0,0.0,0.0,0
F9,3218,BOS,DEN,1,15,2,1131,1518,22.084677132368327,22.084677132368327,2400,227,0.0,0.0,0.0,0.0,0.0,1
DL,8140,SEA,ATL,8,2,5,2093,213,10.808365143717207,10.808365143717207,2834,280,0.0,0.0,0.0,0.0,0.0,0
NK,8470,MIA,MSP,6,17,2,357,812,7.561376242828709,29.525058885397073,2454,255,21.963682642568365,0.0,0.0,0.0,0.0,1
B6,5642,LGA,MIA,2,11,2,291,806,10.673628723951111,10.673628723951111,2646,275,0.0,0.0,0.0,0.0,0.0,0
AS,3390,MCO,MIA,2,10,2,2252,100,22.079248499168024,22.079248499168024,1205,128,0.0,0.0,0.0,0.0,0.0,1
HA,9255,SEA,LAS,8,1,6,2186,227,16.29145388616759,30.056044308605113,2723,241,0.0,0.0,0.0,0.0,13.764590422437522,1
NK,4688,LAS,DFW,4,25,6,1008,1244,0.0,6.450750456151388,1438,156,0.0,0.0,3.813848501960953,0.0,2.636901954190435,0
NK,7639,DEN,MIA,1,1,4,980,1407,0.0,0.0,2258,227,0.0,0.0,0.0,0.0,0.0,0
WN,4770,SEA,LAS,12,7,5,320,350,7.415494576157029,7.415494576157029,204,30,0.0,0.0,0.0,0.0,0.0,0
UA,2940,ORD,PHX,2,7,4,691,1145,0.0,0.0,2935,254,0.0,0.0,0.0,0.0,0.0,0
F9,5162,MSP,LAX,5,20,2,1816,1856,18.6115085957072,18.6115085957072,743,40,0.0,0.0,0.0,0.0,0.0,1
UA,592,DEN,ORD,4,22,7,1968,2357,34.071199510103625,35.96496506560498,1975,229,0.0,0.0,1.8937655555013517,0.0,0.0,1
AS,2677,MCO,DTW,5,14,1,1188,1359,5.862188370755517,5.862188370755517,831,91,0.0,0.0,0.0,0.0,0.0,0
B6,330,LAS,JFK,7,2,2,1766,1905,2.3730441165631397,35.09316772218308,869,59,0.0,0.0,9.796901214495822,0.0,22.923222391124124,1
DL,2710,MIA,SEA,2,28,6,2006,37,8.425837633776382,19.221659748308216,2861,271,10.795822114531834,0.0,0.0,0.0,0.0,1
HA,7151,MIA,PHL,9,17,4,1797,2115,8.814791295538488,8.814791295538488,1849,158,0.0,0.0,0.0,0.0,0.0,0
B6,6098,LAS,JFK,8,1,4,157,628,9.732787893691572,9.732787893691572,2759,271,0.0,0.0,0.0,0.0,0.0,0
HA,402,MCO,EWR,5,26,3,33,441,32.94519318822867,32.94519318822867,2260,248,0.0,0.0,0.0,0.0,0.0,1
B6,6318,ORD,BOS,10,15,2,1989,122,7.59966722358914,7.59966722358914,2849,293,0.0,0.0,0.0,0.0,0.0,0
NK,8085,PHL,EWR,6,7,7,1452,1847,24.281103466243763,24.281103466243763,2392,235,0.0,0.0,0.0,0.0,0.0,1
WN,6368,ATL,BOS,10,16,2,1006,1251,0.0,0.0,2010,165,0.0,0.0,0.0,0.0,0.0,0
US,112,JFK,SFO,6,17,5,1041,1214,30.976858986077964,30.976858986077964,1314,93,0.0,0.0,0.0,0.0,0.0,1
UA,8446,JFK,DFW,6,18,6,1305,1638,30.225990254664662,30.225990254664662,2150,213,0.0,0.0,0.0,0.0,0.0,1
UA,3236,BOS,DTW,3,4,6,1448,1953,19.0053658536358,19.0053658536358,2966,305,0.0,0.0,0.0,0.0,0.0,1
UA,408,CLT,FLL,7,18,7,2148,158,0.0,6.6432222641639855,2615,250,6.6432222641639855,0.0,0.0,0.0,0.0,0
NK,395,LAS,MSP,3,5,1,596,1041,18.249050121470603,18.249050121470603,2288,245,0.0,0.0,0.0,0.0,0.0,1
B6,7166,LAX,MCO,12,8,2,928,1252,19.268795728068675,19.268795728068675,2021,204,0.0,0.0,0.0,0.0,0.0,1
US,4041,JFK,SFO,4,24,2,1059,1515,8.98318207570932,8.98318207570932,2614,256,0.0,0.0,0.0,0.0,0.0,0
F9,8823,DFW,SEA,1,11,4,1066,1541,0.0,0.0,2909,275,0.0,0.0,0.0,0.0,0.0,0
UA,9768,ATL,ORD,10,23,4,330,501,0.0,0.0,925,91,0.0,0.0,0.0,0.0,0.0,0
UA,1430,LAS,FLL,3,20,1,244,423,12.44250965272185,12.44250965272185,1294,99,0.0,0.0,0.0,0.0,0.0,0
US,6916,DTW,MSP,12,15,7,1380,1916,26.291394535505052,26.291394535505052,2941,296,0.0,0.0,0.0,0.0,0.0,1
NK,995,LAS,FLL,7,21,7,2324,148,0.0,0.0,1486,144,0.0,0.0,0.0,0.0,0.0,0
AA,5582,ATL,MIA,3,18,4,508,538,19.954389085160933,19.954389085160933,286,30,0.0,0.0,0.0,0.0,0.0,1
B6,8127,LAX,BOS,10,25,7,1634,1902,20.426862304338243,50.30864780059043,1396,148,0.0,0.0,0.0,0.0,29.881785496252185,1
DL,3446,BOS,JFK,2,18,7,1442,1512,12.133988087437707,12.133988087437707,108,30,0.0,0.0,0.0,0.0,0.0,0
DL,4034,LAX,ATL,12,15,1,2331,224,10.442782845230889,10.442782845230889,1684,173,0.0,0.0,0.0,0.0,0.0,0
NK,7735,DEN,BOS,5,3,5,9,52,22.746569876884717,22.746569876884717,525,43,0.0,0.0,0.0,0.0,0.0,1
UA,1511,MCO,LGA,6,27,7,1551,1941,11.362085233761622,34.23322829679657,1944,230,0.0,0.0,0.0,0.0,22.871143063034943,1
AS,5794,DTW,ATL,5,6,5,2290,415,25.455129475825924,25.455129475825924,2673,285,0.0,0.0,0.0,0.0,0.0,1
F9,1344,MSP,MIA,7,27,3,2167,2339,2.5132312106083896,2.5132312106083896,676,92,0.0,0.0,0.0,0.0,0.0,0
US,7375,MCO,EWR,6,27,4,555,948,14.786821452755628,14.786821452755628,2384,233,0.0,0.0,0.0,0.0,0.0,0
B6,543,SEA,BOS,2,2,7,2155,2303,0.0,0.0,590,68,0.0,0.0,0.0,0.0,0.0,0
WN,9459,EWR,ORD,8,20,5,2329,345,2.3250392075038446,2.3250392075038446,2443,256,0.0,0.0,0.0,0.0,0.0,0
AA,8541,CLT,PHX,8,6,6,630,738,5.878593712390778,5.878593712390778,374,68,0.0,0.0,0.0,0.0,0.0,0
F9,3442,LGA,JFK,2,6,2,1152,1529,11.881164710940986,11.881164710940986,1811,217,0.0,0.0,0.0,0.0,0.0,0
AS,3910,DFW,DEN,3,11,6,1516,1643,14.657492701250462,14.657492701250462,661,87,0.0,0.0,0.0,0.0,0.0,0
NK,2895,JFK,ATL,11,8,3,783,1150,29.957372888469042,29.957372888469042,2135,207,0.0,0.0,0.0,0.0,0.0,1
UA,1056,ATL,DFW,9,20,1,2161,2231,33.23210140932407,33.23210140932407,656,30,0.0,0.0,0.0,0.0,0.0,1
WN,2594,LAS,ORD,3,20,7,88,241,12.739586202159849,33.546485498306346,630,73,20.806899296146497,0.0,0.0,0.0,0.0,1
US,695,FLL,DTW,7,14,6,1179,1328,36.54066589246639,36.54066589246639,1083,69,0.0,0.0,0.0,0.0,0.0,1
AS,5413,MIA,MIA,7,24,5,1272,1625,41.6415431546685,41.6415431546685,1747,193,0.0,0.0,0.0,0.0,0.0,1
US,8820,LAS,PHL,2,11,1,366,657,0.0,0.0,1521,171,0.0,0.0,0.0,0.0,0.0,0
DL,6531,SEA,LAS,8,5,4,2288,212,17.38692516063829,17.38692516063829,1886,164,0.0,0.0,0.0,0.0,0.0,1
AA,2443,DEN,PHL,4,23,2,193,655,1.9657674761109334,1.9657674761109334,2411,262,0.0,0.0,0.0,0.0,0.0,0
AA,3294,LAX,LAX,7,11,7,751,1105,0.0,3.10443306089568,1984,194,0.0,0.0,0.0,0.0,3.10443306089568,0
AA,9359,DEN,DTW,7,18,7,1247,1335,5.391797312368595,9.791701005300006,563,48,4.399903692931409,0.0,0.0,0.0,0.0,0
AS,3621,LGA,ATL,11,17,2,53,310,32.36039416354362,32.36039416354362,1141,137,0.0,0.0,0.0,0.0,0.0,1
HA,2911,DTW,MCO,8,5,3,263,355,40.75793682139883,40.75793682139883,740,52,0.0,0.0,0.0,0.0,0.0,1
HA,9267,DEN,FLL,5,19,7,1529,1841,20.541699131967988,20.541699131967988,2265,192,0.0,0.0,0.0,0.0,0.0,1
NK,9587,LGA,PHX,4,4,5,1620,1650,0.0,0.0,244,30,0.0,0.0,0.0,0.0,0.0,0
AA,3492,DFW,DFW,9,23,5,1943,42,23.44626524810831,23.44626524810831,2899,299,0.0,0.0,0.0,0.0,0.0,1
AS,8765,LAX,CLT,8,24,3,410,758,3.0368026541818987,3.0368026541818987,2592,228,0.0,0.0,0.0,0.0,0.0,0
UA,9663,DEN,FLL,1,16,4,885,1318,16.120887840965906,52.83043747040543,2573,233,0.0,36.70954962943952,0.0,0.0,0.0,1
NK,440,CLT,ATL,5,4,3,590,1045,12.337499220562101,12.337499220562101,2661,255,0.0,0.0,0.0,0.0,0.0,0
US,2216,EWR,PHL,2,14,2,1243,1313,6.259492250801184,6.259492250801184,121,30,0.0,0.0,0.0,0.0,0.0,0
HA,2728,DEN,FLL,10,24,5,951,1123,15.405801400750848,15.405801400750848,721,92,0.0,0.0,0.0,0.0,0.0,1
HA,3206,LGA,PHX,8,21,6,637,939,0.0,0.0,1821,182,0.0,0.0,0.0,0.0,0.0,0
NK,4760,SFO,MCO,12,28,1,2072,2309,0.0,0.0,1320,117,0.0,0.0,0.0,0.0,0.0,0
WN,5059,JFK,DEN,10,4,4,251,612,0.0,0.0,1751,201,0.0,0.0,0.0,0.0,0.0,0
US,6883,ATL,MIA,2,5,3,1330,1553,12.6583275858758,12.6583275858758,1519,143,0.0,0.0,0.0,0.0,0.0,0
F9,6486,EWR,MSP,7,13,6,109,448,19.764618875070738,38.978396455726916,2231,219,0.0,0.0,19.213777580656178,0.0,0.0,1
UA,8232,PHL,MIA,11,28,3,1057,1222,19.540779904619026,24.681345887803836,1311,85,0.0,0.0,0.0,0.0,5.1405659831848105,1
UA,7315,FLL,ATL,1,23,3,1409,1725,9.010676126915802,9.010676126915802,1543,196,0.0,0.0,0.0,0.0,0.0,0
WN,7972,SFO,PHL,4,5,4,10,244,13.196454817414628,13.196454817414628,1265,154,0.0,0.0,0.0,0.0,0.0,0
